year,month,quarter,brand,aur_circana,aur_nielsen,weighted_aur
2022,January,Q1,AND1,85.08,79.22,82.44300000000001
2022,January,Q1,Adidas,163.18,151.94,158.122
2022,January,Q1,Allbirds,111.55,103.86,108.08950000000002
2022,January,Q1,Altra Running,163.91,152.62,158.8295
2022,January,Q1,Anta Sports,136.14,126.77,131.9235
2022,January,Q1,Arc'teryx,176.82,164.64,171.339
2022,January,Q1,Asics,132.49,123.37,128.38600000000002
2022,January,Q1,Athletic Propulsion Labs,167.56,156.02,162.36700000000002
2022,January,Q1,Autry,116.9,108.85,113.2775
2022,January,Q1,British Knights,93.04,86.63,90.1555
2022,January,Q1,Brooks Sports,138.66,129.11,134.3625
2022,January,Q1,Cariuma,128.84,119.96,124.844
2022,January,Q1,Champion,94.5,87.99,91.5705
2022,January,Q1,Converse,75.34,70.15,73.00450000000001
2022,January,Q1,Craft,133.95,124.73,129.801
2022,January,Q1,Diadora,128.59,119.74,124.6075
2022,January,Q1,Fila,90.36,84.13,87.5565
2022,January,Q1,Heelys,75.5,70.3,73.16
2022,January,Q1,Hoka One One,163.66,152.39,158.5885
2022,January,Q1,Jordan Brand,176.69,164.52,171.2135
2022,January,Q1,K-Swiss,121.77,113.39,117.999
2022,January,Q1,KangaROOs,127.39,118.62,123.4435
2022,January,Q1,Kappa,126.89,118.15,122.957
2022,January,Q1,Keds,65.76,61.23,63.721500000000006
2022,January,Q1,La Sportiva,177.79,165.55,172.282
2022,January,Q1,Lacoste,133.95,124.73,129.801
2022,January,Q1,Li-Ning,129.89,120.95,125.867
2022,January,Q1,Lululemon,153.92,143.32,149.15
2022,January,Q1,Macbeth Footwear,123.97,115.43,120.127
2022,January,Q1,Merrell,124.21,115.65,120.358
2022,January,Q1,Mizuno,150.03,139.69,145.377
2022,January,Q1,New Balance,126.89,118.15,122.957
2022,January,Q1,Nike,148.08,137.88,143.49
2022,January,Q1,On,158.79,147.86,153.87150000000003
2022,January,Q1,Puma,131.03,122.0,126.9665
2022,January,Q1,Reebok,117.39,109.31,113.75400000000002
2022,January,Q1,Salomon,132.49,123.37,128.38600000000002
2022,January,Q1,Saucony,143.69,133.8,139.23950000000002
2022,January,Q1,Skechers,112.76,105.0,109.268
2022,January,Q1,Spira,132.49,123.37,128.38600000000002
2022,January,Q1,The North Face,150.76,140.37,146.08450000000002
2022,January,Q1,Timberland,151.97,141.51,147.263
2022,January,Q1,Topo Athletic,148.08,137.88,143.49
2022,January,Q1,Under Armour,140.28,130.62,135.93300000000002
2022,January,Q1,VEJA,155.14,144.46,150.334
2022,January,Q1,Vans,68.44,63.72,66.316
2022,January,Q1,Wilson Sporting Goods,141.8,132.03,137.4035
2022,January,Q1,Xero Shoes,144.18,134.25,139.7115
2022,February,Q1,AND1,75.32,72.6,74.096
2022,February,Q1,Adidas,144.47,139.23,142.112
2022,February,Q1,Allbirds,98.76,95.18,97.149
2022,February,Q1,Altra Running,145.12,139.86,142.753
2022,February,Q1,Anta Sports,120.53,116.17,118.568
2022,February,Q1,Arc'teryx,156.54,150.87,153.98850000000002
2022,February,Q1,Asics,117.3,113.05,115.3875
2022,February,Q1,Athletic Propulsion Labs,148.35,142.98,145.93349999999998
2022,February,Q1,Autry,103.5,99.75,101.8125
2022,February,Q1,British Knights,82.37,79.38,81.0245
2022,February,Q1,Brooks Sports,122.76,118.31,120.75750000000002
2022,February,Q1,Cariuma,114.07,109.93,112.207
2022,February,Q1,Champion,83.66,80.63,82.29650000000001
2022,February,Q1,Converse,66.7,64.28,65.611
2022,February,Q1,Craft,118.59,114.3,116.6595
2022,February,Q1,Diadora,113.85,109.72,111.9915
2022,February,Q1,Fila,80.0,77.1,78.695
2022,February,Q1,Heelys,66.84,64.42,65.751
2022,February,Q1,Hoka One One,144.9,139.65,142.53750000000002
2022,February,Q1,Jordan Brand,156.44,150.77,153.88850000000002
2022,February,Q1,K-Swiss,107.81,103.91,106.055
2022,February,Q1,KangaROOs,112.79,108.7,110.9495
2022,February,Q1,Kappa,112.34,108.27,110.5085
2022,February,Q1,Keds,58.22,56.11,57.2705
2022,February,Q1,La Sportiva,157.41,151.7,154.84050000000002
2022,February,Q1,Lacoste,118.59,114.3,116.6595
2022,February,Q1,Li-Ning,115.0,110.83,113.1235
2022,February,Q1,Lululemon,136.28,131.34,134.05700000000002
2022,February,Q1,Macbeth Footwear,109.75,105.78,107.9635
2022,February,Q1,Merrell,109.97,105.98,108.1745
2022,February,Q1,Mizuno,132.82,128.01,130.6555
2022,February,Q1,New Balance,112.34,108.27,110.5085
2022,February,Q1,Nike,131.1,126.35,128.9625
2022,February,Q1,On,140.59,135.49,138.29500000000002
2022,February,Q1,Puma,116.01,111.8,114.1155
2022,February,Q1,Reebok,103.93,100.17,102.238
2022,February,Q1,Salomon,117.3,113.05,115.3875
2022,February,Q1,Saucony,127.22,122.61,125.1455
2022,February,Q1,Skechers,99.83,96.22,98.2055
2022,February,Q1,Spira,117.3,113.05,115.3875
2022,February,Q1,The North Face,133.47,128.64,131.2965
2022,February,Q1,Timberland,134.55,129.67,132.354
2022,February,Q1,Topo Athletic,131.1,126.35,128.9625
2022,February,Q1,Under Armour,124.2,119.7,122.175
2022,February,Q1,VEJA,137.35,132.38,135.1135
2022,February,Q1,Vans,60.59,58.4,59.60450000000001
2022,February,Q1,Wilson Sporting Goods,125.54,120.99,123.4925
2022,February,Q1,Xero Shoes,127.65,123.02,125.56650000000002
2022,March,Q1,AND1,77.47,73.6,75.7285
2022,March,Q1,Adidas,148.59,141.16,145.2465
2022,March,Q1,Allbirds,101.57,96.49,99.284
2022,March,Q1,Altra Running,149.25,141.79,145.893
2022,March,Q1,Anta Sports,123.97,117.77,121.18
2022,March,Q1,Arc'teryx,161.01,152.96,157.38750000000002
2022,March,Q1,Asics,120.65,114.61,117.932
2022,March,Q1,Athletic Propulsion Labs,152.58,144.95,149.1465
2022,March,Q1,Autry,106.45,101.13,104.056
2022,March,Q1,British Knights,84.72,80.48,82.81200000000001
2022,March,Q1,Brooks Sports,126.26,119.95,123.4205
2022,March,Q1,Cariuma,117.32,111.45,114.6785
2022,March,Q1,Champion,86.05,81.75,84.11500000000001
2022,March,Q1,Converse,68.6,65.17,67.0565
2022,March,Q1,Craft,121.98,115.88,119.235
2022,March,Q1,Diadora,117.1,111.24,114.463
2022,March,Q1,Fila,82.28,78.16,80.426
2022,March,Q1,Heelys,68.75,65.31,67.202
2022,March,Q1,Hoka One One,149.03,141.58,145.6775
2022,March,Q1,Jordan Brand,160.9,152.85,157.2775
2022,March,Q1,K-Swiss,110.89,105.34,108.3925
2022,March,Q1,KangaROOs,116.0,110.2,113.39
2022,March,Q1,Kappa,115.54,109.77,112.9435
2022,March,Q1,Keds,59.88,56.89,58.53450000000001
2022,March,Q1,La Sportiva,161.9,153.8,158.25500000000002
2022,March,Q1,Lacoste,121.98,115.88,119.235
2022,March,Q1,Li-Ning,118.28,112.37,115.6205
2022,March,Q1,Lululemon,140.16,133.15,137.0055
2022,March,Q1,Macbeth Footwear,112.88,107.24,110.342
2022,March,Q1,Merrell,113.1,107.45,110.5575
2022,March,Q1,Mizuno,136.61,129.78,133.53650000000002
2022,March,Q1,New Balance,115.54,109.77,112.9435
2022,March,Q1,Nike,134.84,128.1,131.80700000000002
2022,March,Q1,On,144.6,137.37,141.3465
2022,March,Q1,Puma,119.31,113.35,116.628
2022,March,Q1,Reebok,106.9,101.55,104.4925
2022,March,Q1,Salomon,120.65,114.61,117.932
2022,March,Q1,Saucony,130.85,124.3,127.9025
2022,March,Q1,Skechers,102.68,97.55,100.3715
2022,March,Q1,Spira,120.65,114.61,117.932
2022,March,Q1,The North Face,137.28,130.41,134.1885
2022,March,Q1,Timberland,138.39,131.47,135.276
2022,March,Q1,Topo Athletic,134.84,128.1,131.80700000000002
2022,March,Q1,Under Armour,127.74,121.35,124.8645
2022,March,Q1,VEJA,141.27,134.21,138.09300000000002
2022,March,Q1,Vans,62.32,59.2,60.916
2022,March,Q1,Wilson Sporting Goods,129.12,122.67,126.2175
2022,March,Q1,Xero Shoes,131.29,124.73,128.33800000000002
2022,April,Q2,AND1,81.22,77.16,79.393
2022,April,Q2,Adidas,155.78,147.99,152.2745
2022,April,Q2,Allbirds,106.48,101.16,104.086
2022,April,Q2,Altra Running,156.47,148.65,152.95100000000002
2022,April,Q2,Anta Sports,129.97,123.47,127.04500000000002
2022,April,Q2,Arc'teryx,168.8,160.36,165.002
2022,April,Q2,Asics,126.48,120.16,123.636
2022,April,Q2,Athletic Propulsion Labs,159.96,151.96,156.36
2022,April,Q2,Autry,111.6,106.02,109.089
2022,April,Q2,British Knights,88.82,84.37,86.8175
2022,April,Q2,Brooks Sports,132.37,125.75,129.39100000000002
2022,April,Q2,Cariuma,122.99,116.84,120.2225
2022,April,Q2,Champion,90.21,85.7,88.1805
2022,April,Q2,Converse,71.92,68.32,70.3
2022,April,Q2,Craft,127.88,121.48,125.0
2022,April,Q2,Diadora,122.76,116.62,119.997
2022,April,Q2,Fila,86.26,81.94,84.316
2022,April,Q2,Heelys,72.08,68.47,70.4555
2022,April,Q2,Hoka One One,156.24,148.43,152.7255
2022,April,Q2,Jordan Brand,168.68,160.24,164.882
2022,April,Q2,K-Swiss,116.25,110.44,113.6355
2022,April,Q2,KangaROOs,121.62,115.53,118.8795
2022,April,Q2,Kappa,121.13,115.08,118.4075
2022,April,Q2,Keds,62.78,59.64,61.367
2022,April,Q2,La Sportiva,169.72,161.24,165.904
2022,April,Q2,Lacoste,127.88,121.48,125.0
2022,April,Q2,Li-Ning,124.0,117.8,121.21
2022,April,Q2,Lululemon,146.94,139.59,143.6325
2022,April,Q2,Macbeth Footwear,118.34,112.43,115.6805
2022,April,Q2,Merrell,118.58,112.65,115.91150000000002
2022,April,Q2,Mizuno,143.22,136.06,139.998
2022,April,Q2,New Balance,121.13,115.08,118.4075
2022,April,Q2,Nike,141.36,134.29,138.1785
2022,April,Q2,On,151.59,144.01,148.17900000000003
2022,April,Q2,Puma,125.08,118.83,122.2675
2022,April,Q2,Reebok,112.06,106.46,109.54
2022,April,Q2,Salomon,126.48,120.16,123.636
2022,April,Q2,Saucony,137.18,130.32,134.09300000000002
2022,April,Q2,Skechers,107.65,102.27,105.229
2022,April,Q2,Spira,126.48,120.16,123.636
2022,April,Q2,The North Face,143.92,136.72,140.68
2022,April,Q2,Timberland,145.08,137.83,141.81750000000002
2022,April,Q2,Topo Athletic,141.36,134.29,138.1785
2022,April,Q2,Under Armour,133.92,127.22,130.905
2022,April,Q2,VEJA,148.1,140.7,144.76999999999998
2022,April,Q2,Vans,65.33,62.07,63.863
2022,April,Q2,Wilson Sporting Goods,135.37,128.6,132.3235
2022,April,Q2,Xero Shoes,137.64,130.76,134.54399999999998
2022,May,Q2,AND1,81.42,77.35,79.58850000000001
2022,May,Q2,Adidas,156.15,148.35,152.64
2022,May,Q2,Allbirds,106.74,101.41,104.3415
2022,May,Q2,Altra Running,156.85,149.01,153.322
2022,May,Q2,Anta Sports,130.28,123.77,127.3505
2022,May,Q2,Arc'teryx,169.2,160.74,165.39300000000003
2022,May,Q2,Asics,126.79,120.45,123.937
2022,May,Q2,Athletic Propulsion Labs,160.35,152.33,156.741
2022,May,Q2,Autry,111.87,106.28,109.3545
2022,May,Q2,British Knights,89.03,84.58,87.0275
2022,May,Q2,Brooks Sports,132.69,126.06,129.7065
2022,May,Q2,Cariuma,123.29,117.13,120.518
2022,May,Q2,Champion,90.43,85.91,88.39600000000002
2022,May,Q2,Converse,72.09,68.49,70.47
2022,May,Q2,Craft,128.19,121.78,125.3055
2022,May,Q2,Diadora,123.06,116.91,120.2925
2022,May,Q2,Fila,86.47,82.14,84.5215
2022,May,Q2,Heelys,72.25,68.64,70.6255
2022,May,Q2,Hoka One One,156.62,148.79,153.0965
2022,May,Q2,Jordan Brand,169.09,160.63,165.28300000000002
2022,May,Q2,K-Swiss,116.53,110.71,113.911
2022,May,Q2,KangaROOs,121.91,115.82,119.1695
2022,May,Q2,Kappa,121.43,115.36,118.6985
2022,May,Q2,Keds,62.93,59.78,61.5125
2022,May,Q2,La Sportiva,170.14,161.63,166.3105
2022,May,Q2,Lacoste,128.19,121.78,125.3055
2022,May,Q2,Li-Ning,124.3,118.09,121.5055
2022,May,Q2,Lululemon,147.3,139.93,143.98350000000002
2022,May,Q2,Macbeth Footwear,118.63,112.7,115.9615
2022,May,Q2,Merrell,118.86,112.92,116.187
2022,May,Q2,Mizuno,143.57,136.39,140.339
2022,May,Q2,New Balance,121.43,115.36,118.6985
2022,May,Q2,Nike,141.7,134.62,138.514
2022,May,Q2,On,151.96,144.36,148.54000000000002
2022,May,Q2,Puma,125.39,119.12,122.5685
2022,May,Q2,Reebok,112.34,106.72,109.811
2022,May,Q2,Salomon,126.79,120.45,123.937
2022,May,Q2,Saucony,137.51,130.63,134.414
2022,May,Q2,Skechers,107.91,102.51,105.48
2022,May,Q2,Spira,126.79,120.45,123.937
2022,May,Q2,The North Face,144.27,137.05,141.02100000000002
2022,May,Q2,Timberland,145.43,138.16,142.1585
2022,May,Q2,Topo Athletic,141.7,134.62,138.514
2022,May,Q2,Under Armour,134.25,127.53,131.226
2022,May,Q2,VEJA,148.46,141.04,145.121
2022,May,Q2,Vans,65.49,62.22,64.0185
2022,May,Q2,Wilson Sporting Goods,135.7,128.91,132.6445
2022,May,Q2,Xero Shoes,137.97,131.08,134.86950000000002
2022,June,Q2,AND1,82.24,78.13,80.3905
2022,June,Q2,Adidas,157.73,149.84,154.17950000000002
2022,June,Q2,Allbirds,107.82,102.43,105.3945
2022,June,Q2,Altra Running,158.44,150.51,154.87150000000003
2022,June,Q2,Anta Sports,131.6,125.02,128.639
2022,June,Q2,Arc'teryx,170.91,162.37,167.067
2022,June,Q2,Asics,128.07,121.66,125.1855
2022,June,Q2,Athletic Propulsion Labs,161.97,153.87,158.325
2022,June,Q2,Autry,113.0,107.35,110.4575
2022,June,Q2,British Knights,89.93,85.43,87.90500000000002
2022,June,Q2,Brooks Sports,134.03,127.33,131.015
2022,June,Q2,Cariuma,124.54,118.31,121.7365
2022,June,Q2,Champion,91.34,86.77,89.2835
2022,June,Q2,Converse,72.82,69.18,71.182
2022,June,Q2,Craft,129.48,123.01,126.5685
2022,June,Q2,Diadora,124.3,118.08,121.501
2022,June,Q2,Fila,87.34,82.97,85.3735
2022,June,Q2,Heelys,72.98,69.33,71.3375
2022,June,Q2,Hoka One One,158.2,150.29,154.6405
2022,June,Q2,Jordan Brand,170.79,162.26,166.9515
2022,June,Q2,K-Swiss,117.71,111.82,115.0595
2022,June,Q2,KangaROOs,123.14,116.98,120.368
2022,June,Q2,Kappa,122.65,116.52,119.8915
2022,June,Q2,Keds,63.56,60.38,62.129000000000005
2022,June,Q2,La Sportiva,171.85,163.26,167.9845
2022,June,Q2,Lacoste,129.48,123.01,126.5685
2022,June,Q2,Li-Ning,125.56,119.28,122.734
2022,June,Q2,Lululemon,148.78,141.34,145.43200000000002
2022,June,Q2,Macbeth Footwear,119.83,113.84,117.1345
2022,June,Q2,Merrell,120.06,114.06,117.36
2022,June,Q2,Mizuno,145.02,137.77,141.75750000000002
2022,June,Q2,New Balance,122.65,116.52,119.8915
2022,June,Q2,Nike,143.13,135.98,139.9125
2022,June,Q2,On,153.49,145.82,150.0385
2022,June,Q2,Puma,126.65,120.32,123.8015
2022,June,Q2,Reebok,113.47,107.8,110.9185
2022,June,Q2,Salomon,128.07,121.66,125.1855
2022,June,Q2,Saucony,138.9,131.95,135.7725
2022,June,Q2,Skechers,109.0,103.55,106.5475
2022,June,Q2,Spira,128.07,121.66,125.1855
2022,June,Q2,The North Face,145.72,138.44,142.44400000000002
2022,June,Q2,Timberland,146.9,139.55,143.59250000000003
2022,June,Q2,Topo Athletic,143.13,135.98,139.9125
2022,June,Q2,Under Armour,135.6,128.82,132.549
2022,June,Q2,VEJA,149.96,142.46,146.585
2022,June,Q2,Vans,66.15,62.84,64.66050000000001
2022,June,Q2,Wilson Sporting Goods,137.06,130.21,133.97750000000002
2022,June,Q2,Xero Shoes,139.37,132.4,136.23350000000002
2022,July,Q3,AND1,83.39,79.22,81.51350000000001
2022,July,Q3,Adidas,159.94,151.94,156.34
2022,July,Q3,Allbirds,109.33,103.86,106.8685
2022,July,Q3,Altra Running,160.65,152.62,157.03650000000002
2022,July,Q3,Anta Sports,133.44,126.77,130.4385
2022,July,Q3,Arc'teryx,173.3,164.64,169.40300000000002
2022,July,Q3,Asics,129.86,123.37,126.9395
2022,July,Q3,Athletic Propulsion Labs,164.23,156.02,160.5355
2022,July,Q3,Autry,114.58,108.85,112.0015
2022,July,Q3,British Knights,91.19,86.63,89.138
2022,July,Q3,Brooks Sports,135.91,129.11,132.85000000000002
2022,July,Q3,Cariuma,126.28,119.96,123.436
2022,July,Q3,Champion,92.62,87.99,90.53650000000002
2022,July,Q3,Converse,73.84,70.15,72.1795
2022,July,Q3,Craft,131.29,124.73,128.33800000000002
2022,July,Q3,Diadora,126.04,119.74,123.205
2022,July,Q3,Fila,88.56,84.13,86.5665
2022,July,Q3,Heelys,74.0,70.3,72.33500000000001
2022,July,Q3,Hoka One One,160.41,152.39,156.801
2022,July,Q3,Jordan Brand,173.18,164.52,169.28300000000002
2022,July,Q3,K-Swiss,119.35,113.39,116.668
2022,July,Q3,KangaROOs,124.86,118.62,122.052
2022,July,Q3,Kappa,124.37,118.15,121.571
2022,July,Q3,Keds,64.45,61.23,63.001000000000005
2022,July,Q3,La Sportiva,174.26,165.55,170.34050000000002
2022,July,Q3,Lacoste,131.29,124.73,128.33800000000002
2022,July,Q3,Li-Ning,127.31,120.95,124.448
2022,July,Q3,Lululemon,150.86,143.32,147.467
2022,July,Q3,Macbeth Footwear,121.5,115.43,118.76850000000002
2022,July,Q3,Merrell,121.74,115.65,118.9995
2022,July,Q3,Mizuno,147.05,139.69,143.738
2022,July,Q3,New Balance,124.37,118.15,121.571
2022,July,Q3,Nike,145.14,137.88,141.873
2022,July,Q3,On,155.64,147.86,152.139
2022,July,Q3,Puma,128.43,122.0,125.53650000000002
2022,July,Q3,Reebok,115.06,109.31,112.4725
2022,July,Q3,Salomon,129.86,123.37,126.9395
2022,July,Q3,Saucony,140.84,133.8,137.67200000000005
2022,July,Q3,Skechers,110.52,105.0,108.036
2022,July,Q3,Spira,129.86,123.37,126.9395
2022,July,Q3,The North Face,147.76,140.37,144.4345
2022,July,Q3,Timberland,148.95,141.51,145.602
2022,July,Q3,Topo Athletic,145.14,137.88,141.873
2022,July,Q3,Under Armour,137.5,130.62,134.404
2022,July,Q3,VEJA,152.06,144.46,148.64
2022,July,Q3,Vans,67.08,63.72,65.56800000000001
2022,July,Q3,Wilson Sporting Goods,138.98,132.03,135.85250000000002
2022,July,Q3,Xero Shoes,141.32,134.25,138.1385
2022,August,Q3,AND1,84.38,80.16,82.481
2022,August,Q3,Adidas,161.83,153.74,158.1895
2022,August,Q3,Allbirds,110.62,105.09,108.13150000000002
2022,August,Q3,Altra Running,162.55,154.42,158.8915
2022,August,Q3,Anta Sports,135.02,128.27,131.98250000000002
2022,August,Q3,Arc'teryx,175.35,166.58,171.4035
2022,August,Q3,Asics,131.39,124.82,128.43349999999998
2022,August,Q3,Athletic Propulsion Labs,166.17,157.87,162.435
2022,August,Q3,Autry,115.94,110.14,113.33
2022,August,Q3,British Knights,92.27,87.65,90.191
2022,August,Q3,Brooks Sports,137.51,130.64,134.4185
2022,August,Q3,Cariuma,127.77,121.38,124.8945
2022,August,Q3,Champion,93.71,89.03,91.604
2022,August,Q3,Converse,74.71,70.98,73.0315
2022,August,Q3,Craft,132.84,126.2,129.852
2022,August,Q3,Diadora,127.53,121.15,124.65900000000002
2022,August,Q3,Fila,89.61,85.13,87.59400000000001
2022,August,Q3,Heelys,74.88,71.13,73.1925
2022,August,Q3,Hoka One One,162.31,154.19,158.656
2022,August,Q3,Jordan Brand,175.23,166.47,171.288
2022,August,Q3,K-Swiss,120.77,114.73,118.052
2022,August,Q3,KangaROOs,126.34,120.02,123.496
2022,August,Q3,Kappa,125.84,119.55,123.0095
2022,August,Q3,Keds,65.21,61.95,63.743
2022,August,Q3,La Sportiva,176.32,167.5,172.351
2022,August,Q3,Lacoste,132.84,126.2,129.852
2022,August,Q3,Li-Ning,128.82,122.38,125.922
2022,August,Q3,Lululemon,152.65,145.02,149.2165
2022,August,Q3,Macbeth Footwear,122.94,116.79,120.1725
2022,August,Q3,Merrell,123.18,117.02,120.40800000000002
2022,August,Q3,Mizuno,148.78,141.34,145.43200000000002
2022,August,Q3,New Balance,125.84,119.55,123.0095
2022,August,Q3,Nike,146.85,139.51,143.547
2022,August,Q3,On,157.48,149.61,153.93850000000003
2022,August,Q3,Puma,129.94,123.45,127.0195
2022,August,Q3,Reebok,116.42,110.6,113.801
2022,August,Q3,Salomon,131.39,124.82,128.43349999999998
2022,August,Q3,Saucony,142.5,135.38,139.296
2022,August,Q3,Skechers,111.83,106.24,109.3145
2022,August,Q3,Spira,131.39,124.82,128.43349999999998
2022,August,Q3,The North Face,149.51,142.03,146.144
2022,August,Q3,Timberland,150.72,143.18,147.327
2022,August,Q3,Topo Athletic,146.85,139.51,143.547
2022,August,Q3,Under Armour,139.12,132.17,135.9925
2022,August,Q3,VEJA,153.86,146.16,150.39500000000004
2022,August,Q3,Vans,67.87,64.48,66.34450000000001
2022,August,Q3,Wilson Sporting Goods,140.63,133.59,137.46200000000002
2022,August,Q3,Xero Shoes,142.99,135.84,139.7725
2022,September,Q3,AND1,82.24,78.13,80.3905
2022,September,Q3,Adidas,157.73,149.84,154.17950000000002
2022,September,Q3,Allbirds,107.82,102.43,105.3945
2022,September,Q3,Altra Running,158.44,150.51,154.87150000000003
2022,September,Q3,Anta Sports,131.6,125.02,128.639
2022,September,Q3,Arc'teryx,170.91,162.37,167.067
2022,September,Q3,Asics,128.07,121.66,125.1855
2022,September,Q3,Athletic Propulsion Labs,161.97,153.87,158.325
2022,September,Q3,Autry,113.0,107.35,110.4575
2022,September,Q3,British Knights,89.93,85.43,87.90500000000002
2022,September,Q3,Brooks Sports,134.03,127.33,131.015
2022,September,Q3,Cariuma,124.54,118.31,121.7365
2022,September,Q3,Champion,91.34,86.77,89.2835
2022,September,Q3,Converse,72.82,69.18,71.182
2022,September,Q3,Craft,129.48,123.01,126.5685
2022,September,Q3,Diadora,124.3,118.08,121.501
2022,September,Q3,Fila,87.34,82.97,85.3735
2022,September,Q3,Heelys,72.98,69.33,71.3375
2022,September,Q3,Hoka One One,158.2,150.29,154.6405
2022,September,Q3,Jordan Brand,170.79,162.26,166.9515
2022,September,Q3,K-Swiss,117.71,111.82,115.0595
2022,September,Q3,KangaROOs,123.14,116.98,120.368
2022,September,Q3,Kappa,122.65,116.52,119.8915
2022,September,Q3,Keds,63.56,60.38,62.129000000000005
2022,September,Q3,La Sportiva,171.85,163.26,167.9845
2022,September,Q3,Lacoste,129.48,123.01,126.5685
2022,September,Q3,Li-Ning,125.56,119.28,122.734
2022,September,Q3,Lululemon,148.78,141.34,145.43200000000002
2022,September,Q3,Macbeth Footwear,119.83,113.84,117.1345
2022,September,Q3,Merrell,120.06,114.06,117.36
2022,September,Q3,Mizuno,145.02,137.77,141.75750000000002
2022,September,Q3,New Balance,122.65,116.52,119.8915
2022,September,Q3,Nike,143.13,135.98,139.9125
2022,September,Q3,On,153.49,145.82,150.0385
2022,September,Q3,Puma,126.65,120.32,123.8015
2022,September,Q3,Reebok,113.47,107.8,110.9185
2022,September,Q3,Salomon,128.07,121.66,125.1855
2022,September,Q3,Saucony,138.9,131.95,135.7725
2022,September,Q3,Skechers,109.0,103.55,106.5475
2022,September,Q3,Spira,128.07,121.66,125.1855
2022,September,Q3,The North Face,145.72,138.44,142.44400000000002
2022,September,Q3,Timberland,146.9,139.55,143.59250000000003
2022,September,Q3,Topo Athletic,143.13,135.98,139.9125
2022,September,Q3,Under Armour,135.6,128.82,132.549
2022,September,Q3,VEJA,149.96,142.46,146.585
2022,September,Q3,Vans,66.15,62.84,64.66050000000001
2022,September,Q3,Wilson Sporting Goods,137.06,130.21,133.97750000000002
2022,September,Q3,Xero Shoes,139.37,132.4,136.23350000000002
2022,October,Q4,AND1,83.95,79.76,82.06450000000001
2022,October,Q4,Adidas,161.02,152.97,157.3975
2022,October,Q4,Allbirds,110.07,104.56,107.5905
2022,October,Q4,Altra Running,161.74,153.65,158.0995
2022,October,Q4,Anta Sports,134.34,127.62,131.31600000000003
2022,October,Q4,Arc'teryx,174.47,165.75,170.546
2022,October,Q4,Asics,130.74,124.2,127.797
2022,October,Q4,Athletic Propulsion Labs,165.34,157.07,161.6185
2022,October,Q4,Autry,115.35,109.59,112.758
2022,October,Q4,British Knights,91.8,87.21,89.7345
2022,October,Q4,Brooks Sports,136.82,129.98,133.74200000000002
2022,October,Q4,Cariuma,127.13,120.77,124.268
2022,October,Q4,Champion,93.25,88.58,91.1485
2022,October,Q4,Converse,74.34,70.62,72.66600000000001
2022,October,Q4,Craft,132.18,125.57,129.2055
2022,October,Q4,Diadora,126.89,120.55,124.037
2022,October,Q4,Fila,89.16,84.7,87.153
2022,October,Q4,Heelys,74.5,70.78,72.82600000000001
2022,October,Q4,Hoka One One,161.5,153.42,157.864
2022,October,Q4,Jordan Brand,174.35,165.64,170.4305
2022,October,Q4,K-Swiss,120.16,114.15,117.4555
2022,October,Q4,KangaROOs,125.71,119.42,122.8795
2022,October,Q4,Kappa,125.21,118.95,122.393
2022,October,Q4,Keds,64.89,61.64,63.4275
2022,October,Q4,La Sportiva,175.44,166.66,171.489
2022,October,Q4,Lacoste,132.18,125.57,129.2055
2022,October,Q4,Li-Ning,128.17,121.76,125.2855
2022,October,Q4,Lululemon,151.88,144.29,148.4645
2022,October,Q4,Macbeth Footwear,122.32,116.21,119.5705
2022,October,Q4,Merrell,122.56,116.44,119.806
2022,October,Q4,Mizuno,148.04,140.64,144.70999999999998
2022,October,Q4,New Balance,125.21,118.95,122.393
2022,October,Q4,Nike,146.12,138.81,142.83050000000003
2022,October,Q4,On,156.69,148.86,153.1665
2022,October,Q4,Puma,129.29,122.83,126.383
2022,October,Q4,Reebok,115.84,110.04,113.23000000000002
2022,October,Q4,Salomon,130.74,124.2,127.797
2022,October,Q4,Saucony,141.79,134.7,138.59949999999998
2022,October,Q4,Skechers,111.27,105.71,108.768
2022,October,Q4,Spira,130.74,124.2,127.797
2022,October,Q4,The North Face,148.76,141.32,145.412
2022,October,Q4,Timberland,149.96,142.46,146.585
2022,October,Q4,Topo Athletic,146.12,138.81,142.83050000000003
2022,October,Q4,Under Armour,138.43,131.5,135.31150000000002
2022,October,Q4,VEJA,153.09,145.43,149.64300000000003
2022,October,Q4,Vans,67.53,64.15,66.009
2022,October,Q4,Wilson Sporting Goods,139.92,132.93,136.77450000000002
2022,October,Q4,Xero Shoes,142.27,135.16,139.0705
2022,November,Q4,AND1,62.15,58.08,60.3185
2022,November,Q4,Adidas,119.2,111.39,115.6855
2022,November,Q4,Allbirds,81.49,76.14,79.0825
2022,November,Q4,Altra Running,119.74,111.89,116.2075
2022,November,Q4,Anta Sports,99.46,92.93,96.5215
2022,November,Q4,Arc'teryx,129.17,120.7,125.3585
2022,November,Q4,Asics,96.79,90.44,93.9325
2022,November,Q4,Athletic Propulsion Labs,122.41,114.38,118.7965
2022,November,Q4,Autry,85.4,79.8,82.88
2022,November,Q4,British Knights,67.96,63.51,65.9575
2022,November,Q4,Brooks Sports,101.29,94.65,98.302
2022,November,Q4,Cariuma,94.12,87.95,91.3435
2022,November,Q4,Champion,69.03,64.51,66.99600000000001
2022,November,Q4,Converse,55.04,51.43,53.4155
2022,November,Q4,Craft,97.85,91.44,94.9655
2022,November,Q4,Diadora,93.94,87.78,91.168
2022,November,Q4,Fila,66.01,61.68,64.06150000000001
2022,November,Q4,Heelys,55.15,51.54,53.52550000000001
2022,November,Q4,Hoka One One,119.56,111.72,116.032
2022,November,Q4,Jordan Brand,129.08,120.61,125.26850000000002
2022,November,Q4,K-Swiss,88.96,83.12,86.332
2022,November,Q4,KangaROOs,93.06,86.96,90.315
2022,November,Q4,Kappa,92.69,86.62,89.95850000000002
2022,November,Q4,Keds,48.04,44.89,46.6225
2022,November,Q4,La Sportiva,129.88,121.36,126.046
2022,November,Q4,Lacoste,97.85,91.44,94.9655
2022,November,Q4,Li-Ning,94.89,88.67,92.091
2022,November,Q4,Lululemon,112.44,105.07,109.1235
2022,November,Q4,Macbeth Footwear,90.56,84.62,87.887
2022,November,Q4,Merrell,90.74,84.79,88.0625
2022,November,Q4,Mizuno,109.6,102.41,106.3645
2022,November,Q4,New Balance,92.69,86.62,89.95850000000002
2022,November,Q4,Nike,108.17,101.08,104.9795
2022,November,Q4,On,116.0,108.4,112.58
2022,November,Q4,Puma,95.72,89.44,92.894
2022,November,Q4,Reebok,85.76,80.13,83.22650000000002
2022,November,Q4,Salomon,96.79,90.44,93.9325
2022,November,Q4,Saucony,104.97,98.09,101.874
2022,November,Q4,Skechers,82.38,76.97,79.94550000000001
2022,November,Q4,Spira,96.79,90.44,93.9325
2022,November,Q4,The North Face,110.13,102.91,106.881
2022,November,Q4,Timberland,111.02,103.74,107.744
2022,November,Q4,Topo Athletic,108.17,101.08,104.9795
2022,November,Q4,Under Armour,102.48,95.76,99.45600000000002
2022,November,Q4,VEJA,113.33,105.9,109.9865
2022,November,Q4,Vans,49.99,46.72,48.5185
2022,November,Q4,Wilson Sporting Goods,103.59,96.79,100.53
2022,November,Q4,Xero Shoes,105.33,98.42,102.22050000000002
2022,December,Q4,AND1,69.3,68.51,68.9445
2022,December,Q4,Adidas,132.92,131.41,132.2405
2022,December,Q4,Allbirds,90.86,89.83,90.3965
2022,December,Q4,Altra Running,133.51,131.99,132.826
2022,December,Q4,Anta Sports,110.9,109.64,110.333
2022,December,Q4,Arc'teryx,144.03,142.39,143.292
2022,December,Q4,Asics,107.92,106.69,107.3665
2022,December,Q4,Athletic Propulsion Labs,136.49,134.94,135.79250000000002
2022,December,Q4,Autry,95.23,94.14,94.7395
2022,December,Q4,British Knights,75.78,74.92,75.393
2022,December,Q4,Brooks Sports,112.95,111.66,112.36950000000002
2022,December,Q4,Cariuma,104.95,103.75,104.41
2022,December,Q4,Champion,76.97,76.1,76.57849999999999
2022,December,Q4,Converse,61.37,60.67,61.05500000000001
2022,December,Q4,Craft,109.11,107.87,108.55200000000002
2022,December,Q4,Diadora,104.75,103.56,104.21450000000002
2022,December,Q4,Fila,73.6,72.76,73.22200000000001
2022,December,Q4,Heelys,61.5,60.8,61.185
2022,December,Q4,Hoka One One,133.32,131.8,132.63600000000002
2022,December,Q4,Jordan Brand,143.93,142.29,143.192
2022,December,Q4,K-Swiss,99.19,98.06,98.6815
2022,December,Q4,KangaROOs,103.77,102.59,103.239
2022,December,Q4,Kappa,103.36,102.18,102.829
2022,December,Q4,Keds,53.56,52.95,53.2855
2022,December,Q4,La Sportiva,144.82,143.17,144.0775
2022,December,Q4,Lacoste,109.11,107.87,108.55200000000002
2022,December,Q4,Li-Ning,105.81,104.6,105.2655
2022,December,Q4,Lululemon,125.38,123.95,124.7365
2022,December,Q4,Macbeth Footwear,100.98,99.83,100.4625
2022,December,Q4,Merrell,101.18,100.03,100.6625
2022,December,Q4,Mizuno,122.21,120.82,121.5845
2022,December,Q4,New Balance,103.36,102.18,102.829
2022,December,Q4,Nike,120.62,119.25,120.0035
2022,December,Q4,On,129.35,127.88,128.6885
2022,December,Q4,Puma,106.73,105.52,106.18550000000002
2022,December,Q4,Reebok,95.62,94.53,95.1295
2022,December,Q4,Salomon,107.92,106.69,107.3665
2022,December,Q4,Saucony,117.05,115.72,116.4515
2022,December,Q4,Skechers,91.85,90.81,91.382
2022,December,Q4,Spira,107.92,106.69,107.3665
2022,December,Q4,The North Face,122.8,121.4,122.17000000000002
2022,December,Q4,Timberland,123.79,122.38,123.1555
2022,December,Q4,Topo Athletic,120.62,119.25,120.0035
2022,December,Q4,Under Armour,114.27,112.97,113.685
2022,December,Q4,VEJA,126.37,124.93,125.722
2022,December,Q4,Vans,55.75,55.11,55.462
2022,December,Q4,Wilson Sporting Goods,115.51,114.19,114.916
2022,December,Q4,Xero Shoes,117.45,116.11,116.847
2023,January,Q1,AND1,85.64,78.68,82.50800000000001
2023,January,Q1,Adidas,164.26,150.91,158.2525
2023,January,Q1,Allbirds,112.28,103.16,108.176
2023,January,Q1,Altra Running,164.99,151.59,158.96000000000004
2023,January,Q1,Anta Sports,137.05,125.91,132.037
2023,January,Q1,Arc'teryx,177.99,163.53,171.483
2023,January,Q1,Asics,133.37,122.53,128.49200000000002
2023,January,Q1,Athletic Propulsion Labs,168.67,154.97,162.505
2023,January,Q1,Autry,117.68,108.12,113.378
2023,January,Q1,British Knights,93.65,86.04,90.2255
2023,January,Q1,Brooks Sports,139.58,128.24,134.47700000000003
2023,January,Q1,Cariuma,129.69,119.15,124.94700000000002
2023,January,Q1,Champion,95.12,87.39,91.6415
2023,January,Q1,Converse,75.84,69.67,73.0635
2023,January,Q1,Craft,134.84,123.88,129.90800000000002
2023,January,Q1,Diadora,129.45,118.93,124.716
2023,January,Q1,Fila,90.95,83.56,87.62450000000001
2023,January,Q1,Heelys,76.0,69.82,73.219
2023,January,Q1,Hoka One One,164.75,151.36,158.72450000000003
2023,January,Q1,Jordan Brand,177.86,163.41,171.35750000000002
2023,January,Q1,K-Swiss,122.58,112.62,118.098
2023,January,Q1,KangaROOs,128.24,117.82,123.55100000000002
2023,January,Q1,Kappa,127.73,117.35,123.059
2023,January,Q1,Keds,66.19,60.82,63.7735
2023,January,Q1,La Sportiva,178.97,164.43,172.42700000000002
2023,January,Q1,Lacoste,134.84,123.88,129.90800000000002
2023,January,Q1,Li-Ning,130.75,120.13,125.971
2023,January,Q1,Lululemon,154.94,142.35,149.2745
2023,January,Q1,Macbeth Footwear,124.79,114.65,120.227
2023,January,Q1,Merrell,125.03,114.87,120.458
2023,January,Q1,Mizuno,151.02,138.75,145.4985
2023,January,Q1,New Balance,127.73,117.35,123.059
2023,January,Q1,Nike,149.06,136.95,143.6105
2023,January,Q1,On,159.85,146.86,154.0045
2023,January,Q1,Puma,131.9,121.18,127.07600000000002
2023,January,Q1,Reebok,118.17,108.57,113.85
2023,January,Q1,Salomon,133.37,122.53,128.49200000000002
2023,January,Q1,Saucony,144.65,132.89,139.358
2023,January,Q1,Skechers,113.51,104.29,109.36100000000002
2023,January,Q1,Spira,133.37,122.53,128.49200000000002
2023,January,Q1,The North Face,151.75,139.42,146.2015
2023,January,Q1,Timberland,152.98,140.55,147.3865
2023,January,Q1,Topo Athletic,149.06,136.95,143.6105
2023,January,Q1,Under Armour,141.21,129.74,136.04850000000002
2023,January,Q1,VEJA,156.17,143.48,150.4595
2023,January,Q1,Vans,68.89,63.29,66.37
2023,January,Q1,Wilson Sporting Goods,142.74,131.14,137.52
2023,January,Q1,Xero Shoes,145.14,133.34,139.82999999999998
2023,February,Q1,AND1,77.51,77.78,77.63150000000002
2023,February,Q1,Adidas,148.66,149.18,148.894
2023,February,Q1,Allbirds,101.62,101.98,101.782
2023,February,Q1,Altra Running,149.32,149.85,149.5585
2023,February,Q1,Anta Sports,124.03,124.46,124.2235
2023,February,Q1,Arc'teryx,161.08,161.65,161.3365
2023,February,Q1,Asics,120.7,121.12,120.889
2023,February,Q1,Athletic Propulsion Labs,152.65,153.19,152.89300000000003
2023,February,Q1,Autry,106.5,106.88,106.671
2023,February,Q1,British Knights,84.76,85.05,84.8905
2023,February,Q1,Brooks Sports,126.32,126.77,126.5225
2023,February,Q1,Cariuma,117.37,117.79,117.55900000000004
2023,February,Q1,Champion,86.09,86.39,86.22500000000001
2023,February,Q1,Converse,68.63,68.87,68.738
2023,February,Q1,Craft,122.03,122.46,122.2235
2023,February,Q1,Diadora,117.15,117.56,117.3345
2023,February,Q1,Fila,82.32,82.61,82.4505
2023,February,Q1,Heelys,68.78,69.02,68.888
2023,February,Q1,Hoka One One,149.1,149.62,149.334
2023,February,Q1,Jordan Brand,160.97,161.54,161.2265
2023,February,Q1,K-Swiss,110.94,111.33,111.1155
2023,February,Q1,KangaROOs,116.06,116.47,116.24450000000002
2023,February,Q1,Kappa,115.6,116.0,115.78
2023,February,Q1,Keds,59.91,60.12,60.00449999999999
2023,February,Q1,La Sportiva,161.97,162.54,162.2265
2023,February,Q1,Lacoste,122.03,122.46,122.2235
2023,February,Q1,Li-Ning,118.33,118.75,118.519
2023,February,Q1,Lululemon,140.22,140.72,140.445
2023,February,Q1,Macbeth Footwear,112.93,113.33,113.11
2023,February,Q1,Merrell,113.16,113.55,113.3355
2023,February,Q1,Mizuno,136.68,137.16,136.89600000000002
2023,February,Q1,New Balance,115.6,116.0,115.78
2023,February,Q1,Nike,134.9,135.38,135.116
2023,February,Q1,On,144.66,145.17,144.8895
2023,February,Q1,Puma,119.37,119.79,119.559
2023,February,Q1,Reebok,106.94,107.32,107.111
2023,February,Q1,Salomon,120.7,121.12,120.889
2023,February,Q1,Saucony,130.91,131.37,131.11700000000002
2023,February,Q1,Skechers,102.73,103.09,102.892
2023,February,Q1,Spira,120.7,121.12,120.889
2023,February,Q1,The North Face,137.34,137.82,137.556
2023,February,Q1,Timberland,138.45,138.94,138.6705
2023,February,Q1,Topo Athletic,134.9,135.38,135.116
2023,February,Q1,Under Armour,127.8,128.25,128.0025
2023,February,Q1,VEJA,141.33,141.83,141.555
2023,February,Q1,Vans,62.35,62.57,62.449000000000005
2023,February,Q1,Wilson Sporting Goods,129.18,129.64,129.387
2023,February,Q1,Xero Shoes,131.35,131.81,131.55700000000002
2023,March,Q1,AND1,81.42,76.41,79.16550000000001
2023,March,Q1,Adidas,156.15,146.55,151.83
2023,March,Q1,Allbirds,106.74,100.18,103.788
2023,March,Q1,Altra Running,156.85,147.21,152.512
2023,March,Q1,Anta Sports,130.28,122.27,126.6755
2023,March,Q1,Arc'teryx,169.2,158.8,164.52
2023,March,Q1,Asics,126.79,118.99,123.28
2023,March,Q1,Athletic Propulsion Labs,160.35,150.49,155.913
2023,March,Q1,Autry,111.87,104.99,108.774
2023,March,Q1,British Knights,89.03,83.55,86.564
2023,March,Q1,Brooks Sports,132.69,124.53,129.018
2023,March,Q1,Cariuma,123.29,115.71,119.87900000000002
2023,March,Q1,Champion,90.43,84.87,87.92800000000001
2023,March,Q1,Converse,72.09,67.66,70.0965
2023,March,Q1,Craft,128.19,120.3,124.6395
2023,March,Q1,Diadora,123.06,115.49,119.6535
2023,March,Q1,Fila,86.47,81.15,84.07600000000001
2023,March,Q1,Heelys,72.25,67.81,70.25200000000001
2023,March,Q1,Hoka One One,156.62,146.99,152.28650000000002
2023,March,Q1,Jordan Brand,169.09,158.69,164.41000000000005
2023,March,Q1,K-Swiss,116.53,109.36,113.3035
2023,March,Q1,KangaROOs,121.91,114.41,118.535
2023,March,Q1,Kappa,121.43,113.96,118.0685
2023,March,Q1,Keds,62.93,59.06,61.188500000000005
2023,March,Q1,La Sportiva,170.14,159.67,165.4285
2023,March,Q1,Lacoste,128.19,120.3,124.6395
2023,March,Q1,Li-Ning,124.3,116.66,120.862
2023,March,Q1,Lululemon,147.3,138.24,143.223
2023,March,Q1,Macbeth Footwear,118.63,111.33,115.345
2023,March,Q1,Merrell,118.86,111.55,115.5705
2023,March,Q1,Mizuno,143.57,134.74,139.5965
2023,March,Q1,New Balance,121.43,113.96,118.0685
2023,March,Q1,Nike,141.7,132.99,137.78050000000002
2023,March,Q1,On,151.96,142.61,147.75250000000003
2023,March,Q1,Puma,125.39,117.68,121.9205
2023,March,Q1,Reebok,112.34,105.43,109.2305
2023,March,Q1,Salomon,126.79,118.99,123.28
2023,March,Q1,Saucony,137.51,129.05,133.703
2023,March,Q1,Skechers,107.91,101.27,104.922
2023,March,Q1,Spira,126.79,118.99,123.28
2023,March,Q1,The North Face,144.27,135.39,140.274
2023,March,Q1,Timberland,145.43,136.49,141.407
2023,March,Q1,Topo Athletic,141.7,132.99,137.78050000000002
2023,March,Q1,Under Armour,134.25,125.99,130.53300000000002
2023,March,Q1,VEJA,148.46,139.33,144.35150000000002
2023,March,Q1,Vans,65.49,61.46,63.6765
2023,March,Q1,Wilson Sporting Goods,135.7,127.35,131.9425
2023,March,Q1,Xero Shoes,137.97,129.49,134.15400000000002
2023,April,Q2,AND1,83.26,81.03,82.25650000000002
2023,April,Q2,Adidas,159.68,155.41,157.75850000000003
2023,April,Q2,Allbirds,109.16,106.24,107.846
2023,April,Q2,Altra Running,160.4,156.11,158.46950000000004
2023,April,Q2,Anta Sports,133.23,129.66,131.6235
2023,April,Q2,Arc'teryx,173.03,168.4,170.9465
2023,April,Q2,Asics,129.65,126.19,128.09300000000002
2023,April,Q2,Athletic Propulsion Labs,163.97,159.59,161.99900000000002
2023,April,Q2,Autry,114.4,111.34,113.023
2023,April,Q2,British Knights,91.04,88.61,89.94650000000001
2023,April,Q2,Brooks Sports,135.69,132.06,134.0565
2023,April,Q2,Cariuma,126.08,122.71,124.5635
2023,April,Q2,Champion,92.47,90.0,91.3585
2023,April,Q2,Converse,73.72,71.75,72.8335
2023,April,Q2,Craft,131.08,127.58,129.505
2023,April,Q2,Diadora,125.84,122.47,124.3235
2023,April,Q2,Fila,88.42,86.06,87.358
2023,April,Q2,Heelys,73.88,71.91,72.9935
2023,April,Q2,Hoka One One,160.16,155.88,158.234
2023,April,Q2,Jordan Brand,172.91,168.29,170.83100000000002
2023,April,Q2,K-Swiss,119.17,115.98,117.7345
2023,April,Q2,KangaROOs,124.67,121.33,123.167
2023,April,Q2,Kappa,124.17,120.85,122.67600000000002
2023,April,Q2,Keds,64.35,62.63,63.576
2023,April,Q2,La Sportiva,173.98,169.33,171.88750000000002
2023,April,Q2,Lacoste,131.08,127.58,129.505
2023,April,Q2,Li-Ning,127.11,123.71,125.58
2023,April,Q2,Lululemon,150.63,146.6,148.81650000000002
2023,April,Q2,Macbeth Footwear,121.31,118.07,119.852
2023,April,Q2,Merrell,121.55,118.3,120.0875
2023,April,Q2,Mizuno,146.81,142.89,145.046
2023,April,Q2,New Balance,124.17,120.85,122.67600000000002
2023,April,Q2,Nike,144.91,141.03,143.16400000000002
2023,April,Q2,On,155.39,151.24,153.5225
2023,April,Q2,Puma,128.22,124.79,126.6765
2023,April,Q2,Reebok,114.88,111.8,113.494
2023,April,Q2,Salomon,129.65,126.19,128.09300000000002
2023,April,Q2,Saucony,140.62,136.86,138.92800000000005
2023,April,Q2,Skechers,110.35,107.4,109.0225
2023,April,Q2,Spira,129.65,126.19,128.09300000000002
2023,April,Q2,The North Face,147.53,143.58,145.7525
2023,April,Q2,Timberland,148.72,144.74,146.92900000000003
2023,April,Q2,Topo Athletic,144.91,141.03,143.16400000000002
2023,April,Q2,Under Armour,137.28,133.61,135.6285
2023,April,Q2,VEJA,151.82,147.76,149.993
2023,April,Q2,Vans,66.97,65.18,66.1645
2023,April,Q2,Wilson Sporting Goods,138.76,135.05,137.09050000000002
2023,April,Q2,Xero Shoes,141.09,137.32,139.39350000000002
2023,May,Q2,AND1,82.4,78.28,80.546
2023,May,Q2,Adidas,158.04,150.14,154.485
2023,May,Q2,Allbirds,108.04,102.63,105.6055
2023,May,Q2,Altra Running,158.75,150.81,155.17700000000002
2023,May,Q2,Anta Sports,131.86,125.27,128.8945
2023,May,Q2,Arc'teryx,171.25,162.69,167.39800000000002
2023,May,Q2,Asics,128.32,121.91,125.4355
2023,May,Q2,Athletic Propulsion Labs,162.29,154.18,158.6405
2023,May,Q2,Autry,113.23,107.56,110.6785
2023,May,Q2,British Knights,90.11,85.6,88.0805
2023,May,Q2,Brooks Sports,134.3,127.58,131.276
2023,May,Q2,Cariuma,124.78,118.55,121.9765
2023,May,Q2,Champion,91.52,86.95,89.46350000000001
2023,May,Q2,Converse,72.97,69.32,71.3275
2023,May,Q2,Craft,129.74,123.25,126.8195
2023,May,Q2,Diadora,124.55,118.32,121.7465
2023,May,Q2,Fila,87.51,83.14,85.54350000000001
2023,May,Q2,Heelys,73.12,69.47,71.4775
2023,May,Q2,Hoka One One,158.52,150.59,154.9515
2023,May,Q2,Jordan Brand,171.14,162.58,167.288
2023,May,Q2,K-Swiss,117.94,112.05,115.2895
2023,May,Q2,KangaROOs,123.39,117.22,120.61350000000002
2023,May,Q2,Kappa,122.9,116.75,120.13250000000002
2023,May,Q2,Keds,63.69,60.51,62.259
2023,May,Q2,La Sportiva,172.2,163.59,168.3255
2023,May,Q2,Lacoste,129.74,123.25,126.8195
2023,May,Q2,Li-Ning,125.81,119.52,122.9795
2023,May,Q2,Lululemon,149.08,141.63,145.72750000000002
2023,May,Q2,Macbeth Footwear,120.07,114.06,117.3655
2023,May,Q2,Merrell,120.3,114.29,117.59550000000002
2023,May,Q2,Mizuno,145.31,138.04,142.0385
2023,May,Q2,New Balance,122.9,116.75,120.13250000000002
2023,May,Q2,Nike,143.42,136.25,140.1935
2023,May,Q2,On,153.8,146.11,150.33950000000004
2023,May,Q2,Puma,126.91,120.56,124.0525
2023,May,Q2,Reebok,113.7,108.01,111.1395
2023,May,Q2,Salomon,128.32,121.91,125.4355
2023,May,Q2,Saucony,139.17,132.21,136.038
2023,May,Q2,Skechers,109.22,103.75,106.7585
2023,May,Q2,Spira,128.32,121.91,125.4355
2023,May,Q2,The North Face,146.01,138.71,142.725
2023,May,Q2,Timberland,147.19,139.83,143.878
2023,May,Q2,Topo Athletic,143.42,136.25,140.1935
2023,May,Q2,Under Armour,135.87,129.08,132.8145
2023,May,Q2,VEJA,150.26,142.75,146.88049999999998
2023,May,Q2,Vans,66.28,62.97,64.79050000000001
2023,May,Q2,Wilson Sporting Goods,137.34,130.47,134.2485
2023,May,Q2,Xero Shoes,139.65,132.66,136.5045
2023,June,Q2,AND1,83.26,79.09,81.38350000000001
2023,June,Q2,Adidas,159.68,151.7,156.089
2023,June,Q2,Allbirds,109.16,103.7,106.703
2023,June,Q2,Altra Running,160.4,152.38,156.791
2023,June,Q2,Anta Sports,133.23,126.57,130.233
2023,June,Q2,Arc'teryx,173.03,164.38,169.13750000000002
2023,June,Q2,Asics,129.65,123.17,126.734
2023,June,Q2,Athletic Propulsion Labs,163.97,155.77,160.28000000000003
2023,June,Q2,Autry,114.4,108.68,111.82600000000002
2023,June,Q2,British Knights,91.04,86.49,88.9925
2023,June,Q2,Brooks Sports,135.69,128.91,132.639
2023,June,Q2,Cariuma,126.08,119.77,123.2405
2023,June,Q2,Champion,92.47,87.85,90.391
2023,June,Q2,Converse,73.72,70.04,72.06400000000001
2023,June,Q2,Craft,131.08,124.53,128.1325
2023,June,Q2,Diadora,125.84,119.55,123.0095
2023,June,Q2,Fila,88.42,84.0,86.43100000000001
2023,June,Q2,Heelys,73.88,70.19,72.2195
2023,June,Q2,Hoka One One,160.16,152.15,156.5555
2023,June,Q2,Jordan Brand,172.91,164.27,169.02200000000002
2023,June,Q2,K-Swiss,119.17,113.21,116.488
2023,June,Q2,KangaROOs,124.67,118.43,121.862
2023,June,Q2,Kappa,124.17,117.96,121.37550000000002
2023,June,Q2,Keds,64.35,61.13,62.901
2023,June,Q2,La Sportiva,173.98,165.28,170.065
2023,June,Q2,Lacoste,131.08,124.53,128.1325
2023,June,Q2,Li-Ning,127.11,120.76,124.2525
2023,June,Q2,Lululemon,150.63,143.1,147.2415
2023,June,Q2,Macbeth Footwear,121.31,115.25,118.583
2023,June,Q2,Merrell,121.55,115.47,118.814
2023,June,Q2,Mizuno,146.81,139.47,143.507
2023,June,Q2,New Balance,124.17,117.96,121.37550000000002
2023,June,Q2,Nike,144.91,137.66,141.6475
2023,June,Q2,On,155.39,147.62,151.89350000000002
2023,June,Q2,Puma,128.22,121.81,125.3355
2023,June,Q2,Reebok,114.88,109.13,112.2925
2023,June,Q2,Salomon,129.65,123.17,126.734
2023,June,Q2,Saucony,140.62,133.59,137.4565
2023,June,Q2,Skechers,110.35,104.83,107.866
2023,June,Q2,Spira,129.65,123.17,126.734
2023,June,Q2,The North Face,147.53,140.15,144.209
2023,June,Q2,Timberland,148.72,141.28,145.372
2023,June,Q2,Topo Athletic,144.91,137.66,141.6475
2023,June,Q2,Under Armour,137.28,130.42,134.19299999999998
2023,June,Q2,VEJA,151.82,144.23,148.40449999999998
2023,June,Q2,Vans,66.97,63.62,65.4625
2023,June,Q2,Wilson Sporting Goods,138.76,131.82,135.637
2023,June,Q2,Xero Shoes,141.09,134.04,137.91750000000002
2023,July,Q3,AND1,84.38,80.16,82.481
2023,July,Q3,Adidas,161.83,153.74,158.1895
2023,July,Q3,Allbirds,110.62,105.09,108.13150000000002
2023,July,Q3,Altra Running,162.55,154.42,158.8915
2023,July,Q3,Anta Sports,135.02,128.27,131.98250000000002
2023,July,Q3,Arc'teryx,175.35,166.58,171.4035
2023,July,Q3,Asics,131.39,124.82,128.43349999999998
2023,July,Q3,Athletic Propulsion Labs,166.17,157.87,162.435
2023,July,Q3,Autry,115.94,110.14,113.33
2023,July,Q3,British Knights,92.27,87.65,90.191
2023,July,Q3,Brooks Sports,137.51,130.64,134.4185
2023,July,Q3,Cariuma,127.77,121.38,124.8945
2023,July,Q3,Champion,93.71,89.03,91.604
2023,July,Q3,Converse,74.71,70.98,73.0315
2023,July,Q3,Craft,132.84,126.2,129.852
2023,July,Q3,Diadora,127.53,121.15,124.65900000000002
2023,July,Q3,Fila,89.61,85.13,87.59400000000001
2023,July,Q3,Heelys,74.88,71.13,73.1925
2023,July,Q3,Hoka One One,162.31,154.19,158.656
2023,July,Q3,Jordan Brand,175.23,166.47,171.288
2023,July,Q3,K-Swiss,120.77,114.73,118.052
2023,July,Q3,KangaROOs,126.34,120.02,123.496
2023,July,Q3,Kappa,125.84,119.55,123.0095
2023,July,Q3,Keds,65.21,61.95,63.743
2023,July,Q3,La Sportiva,176.32,167.5,172.351
2023,July,Q3,Lacoste,132.84,126.2,129.852
2023,July,Q3,Li-Ning,128.82,122.38,125.922
2023,July,Q3,Lululemon,152.65,145.02,149.2165
2023,July,Q3,Macbeth Footwear,122.94,116.79,120.1725
2023,July,Q3,Merrell,123.18,117.02,120.40800000000002
2023,July,Q3,Mizuno,148.78,141.34,145.43200000000002
2023,July,Q3,New Balance,125.84,119.55,123.0095
2023,July,Q3,Nike,146.85,139.51,143.547
2023,July,Q3,On,157.48,149.61,153.93850000000003
2023,July,Q3,Puma,129.94,123.45,127.0195
2023,July,Q3,Reebok,116.42,110.6,113.801
2023,July,Q3,Salomon,131.39,124.82,128.43349999999998
2023,July,Q3,Saucony,142.5,135.38,139.296
2023,July,Q3,Skechers,111.83,106.24,109.3145
2023,July,Q3,Spira,131.39,124.82,128.43349999999998
2023,July,Q3,The North Face,149.51,142.03,146.144
2023,July,Q3,Timberland,150.72,143.18,147.327
2023,July,Q3,Topo Athletic,146.85,139.51,143.547
2023,July,Q3,Under Armour,139.12,132.17,135.9925
2023,July,Q3,VEJA,153.86,146.16,150.39500000000004
2023,July,Q3,Vans,67.87,64.48,66.34450000000001
2023,July,Q3,Wilson Sporting Goods,140.63,133.59,137.46200000000002
2023,July,Q3,Xero Shoes,142.99,135.84,139.7725
2023,August,Q3,AND1,87.33,82.97,85.368
2023,August,Q3,Adidas,167.5,159.12,163.729
2023,August,Q3,Allbirds,114.5,108.78,111.92600000000002
2023,August,Q3,Altra Running,168.25,159.84,164.46550000000002
2023,August,Q3,Anta Sports,139.75,132.76,136.6045
2023,August,Q3,Arc'teryx,181.5,172.42,177.414
2023,August,Q3,Asics,136.0,129.2,132.94
2023,August,Q3,Athletic Propulsion Labs,172.0,163.4,168.13
2023,August,Q3,Autry,120.0,114.0,117.3
2023,August,Q3,British Knights,95.5,90.72,93.349
2023,August,Q3,Brooks Sports,142.33,135.22,139.1305
2023,August,Q3,Cariuma,132.25,125.64,129.27550000000002
2023,August,Q3,Champion,97.0,92.15,94.8175
2023,August,Q3,Converse,77.33,73.47,75.593
2023,August,Q3,Craft,137.5,130.62,134.404
2023,August,Q3,Diadora,132.0,125.4,129.03000000000003
2023,August,Q3,Fila,92.75,88.11,90.662
2023,August,Q3,Heelys,77.5,73.62,75.754
2023,August,Q3,Hoka One One,168.0,159.6,164.22
2023,August,Q3,Jordan Brand,181.38,172.31,177.2985
2023,August,Q3,K-Swiss,125.0,118.75,122.1875
2023,August,Q3,KangaROOs,130.77,124.23,127.82700000000004
2023,August,Q3,Kappa,130.25,123.74,127.3205
2023,August,Q3,Keds,67.5,64.12,65.979
2023,August,Q3,La Sportiva,182.5,173.38,178.39600000000002
2023,August,Q3,Lacoste,137.5,130.62,134.404
2023,August,Q3,Li-Ning,133.33,126.67,130.33300000000003
2023,August,Q3,Lululemon,158.0,150.1,154.445
2023,August,Q3,Macbeth Footwear,127.25,120.89,124.388
2023,August,Q3,Merrell,127.5,121.12,124.629
2023,August,Q3,Mizuno,154.0,146.3,150.53500000000005
2023,August,Q3,New Balance,130.25,123.74,127.3205
2023,August,Q3,Nike,152.0,144.4,148.58
2023,August,Q3,On,163.0,154.85,159.3325
2023,August,Q3,Puma,134.5,127.78,131.476
2023,August,Q3,Reebok,120.5,114.48,117.791
2023,August,Q3,Salomon,136.0,129.2,132.94
2023,August,Q3,Saucony,147.5,140.12,144.179
2023,August,Q3,Skechers,115.75,109.96,113.1445
2023,August,Q3,Spira,136.0,129.2,132.94
2023,August,Q3,The North Face,154.75,147.01,151.267
2023,August,Q3,Timberland,156.0,148.2,152.49
2023,August,Q3,Topo Athletic,152.0,144.4,148.58
2023,August,Q3,Under Armour,144.0,136.8,140.76000000000002
2023,August,Q3,VEJA,159.25,151.29,155.668
2023,August,Q3,Vans,70.25,66.74,68.6705
2023,August,Q3,Wilson Sporting Goods,145.56,138.28,142.284
2023,August,Q3,Xero Shoes,148.0,140.6,144.67000000000002
2023,September,Q3,AND1,83.26,77.16,80.51500000000001
2023,September,Q3,Adidas,159.68,147.99,154.41950000000003
2023,September,Q3,Allbirds,109.16,101.16,105.56
2023,September,Q3,Altra Running,160.4,148.65,155.1125
2023,September,Q3,Anta Sports,133.23,123.47,128.838
2023,September,Q3,Arc'teryx,173.03,160.36,167.32850000000002
2023,September,Q3,Asics,129.65,120.16,125.3795
2023,September,Q3,Athletic Propulsion Labs,163.97,151.96,158.5655
2023,September,Q3,Autry,114.4,106.02,110.629
2023,September,Q3,British Knights,91.04,84.37,88.03850000000001
2023,September,Q3,Brooks Sports,135.69,125.75,131.217
2023,September,Q3,Cariuma,126.08,116.84,121.922
2023,September,Q3,Champion,92.47,85.7,89.42350000000002
2023,September,Q3,Converse,73.72,68.32,71.28999999999999
2023,September,Q3,Craft,131.08,121.48,126.76000000000002
2023,September,Q3,Diadora,125.84,116.62,121.691
2023,September,Q3,Fila,88.42,81.94,85.504
2023,September,Q3,Heelys,73.88,68.47,71.4455
2023,September,Q3,Hoka One One,160.16,148.43,154.88150000000002
2023,September,Q3,Jordan Brand,172.91,160.24,167.20850000000002
2023,September,Q3,K-Swiss,119.17,110.44,115.2415
2023,September,Q3,KangaROOs,124.67,115.53,120.557
2023,September,Q3,Kappa,124.17,115.08,120.0795
2023,September,Q3,Keds,64.35,59.64,62.2305
2023,September,Q3,La Sportiva,173.98,161.24,168.247
2023,September,Q3,Lacoste,131.08,121.48,126.76000000000002
2023,September,Q3,Li-Ning,127.11,117.8,122.9205
2023,September,Q3,Lululemon,150.63,139.59,145.662
2023,September,Q3,Macbeth Footwear,121.31,112.43,117.314
2023,September,Q3,Merrell,121.55,112.65,117.54500000000002
2023,September,Q3,Mizuno,146.81,136.06,141.97250000000005
2023,September,Q3,New Balance,124.17,115.08,120.0795
2023,September,Q3,Nike,144.91,134.29,140.131
2023,September,Q3,On,155.39,144.01,150.269
2023,September,Q3,Puma,128.22,118.83,123.9945
2023,September,Q3,Reebok,114.88,106.46,111.091
2023,September,Q3,Salomon,129.65,120.16,125.3795
2023,September,Q3,Saucony,140.62,130.32,135.985
2023,September,Q3,Skechers,110.35,102.27,106.714
2023,September,Q3,Spira,129.65,120.16,125.3795
2023,September,Q3,The North Face,147.53,136.72,142.6655
2023,September,Q3,Timberland,148.72,137.83,143.8195
2023,September,Q3,Topo Athletic,144.91,134.29,140.131
2023,September,Q3,Under Armour,137.28,127.22,132.753
2023,September,Q3,VEJA,151.82,140.7,146.816
2023,September,Q3,Vans,66.97,62.07,64.765
2023,September,Q3,Wilson Sporting Goods,138.76,128.6,134.188
2023,September,Q3,Xero Shoes,141.09,130.76,136.44150000000002
2023,October,Q4,AND1,84.52,79.76,82.37800000000001
2023,October,Q4,Adidas,162.1,152.97,157.9915
2023,October,Q4,Allbirds,110.81,104.56,107.9975
2023,October,Q4,Altra Running,162.82,153.65,158.6935
2023,October,Q4,Anta Sports,135.24,127.62,131.811
2023,October,Q4,Arc'teryx,175.65,165.75,171.19500000000002
2023,October,Q4,Asics,131.61,124.2,128.27550000000002
2023,October,Q4,Athletic Propulsion Labs,166.45,157.07,162.22899999999998
2023,October,Q4,Autry,116.13,109.59,113.187
2023,October,Q4,British Knights,92.42,87.21,90.0755
2023,October,Q4,Brooks Sports,137.74,129.98,134.248
2023,October,Q4,Cariuma,127.98,120.77,124.7355
2023,October,Q4,Champion,93.87,88.58,91.4895
2023,October,Q4,Converse,74.84,70.62,72.941
2023,October,Q4,Craft,133.06,125.57,129.6895
2023,October,Q4,Diadora,127.74,120.55,124.5045
2023,October,Q4,Fila,89.76,84.7,87.483
2023,October,Q4,Heelys,75.0,70.78,73.101
2023,October,Q4,Hoka One One,162.58,153.42,158.45800000000003
2023,October,Q4,Jordan Brand,175.52,165.64,171.074
2023,October,Q4,K-Swiss,120.97,114.15,117.901
2023,October,Q4,KangaROOs,126.55,119.42,123.3415
2023,October,Q4,Kappa,126.05,118.95,122.855
2023,October,Q4,Keds,65.32,61.64,63.664
2023,October,Q4,La Sportiva,176.61,166.66,172.13250000000002
2023,October,Q4,Lacoste,133.06,125.57,129.6895
2023,October,Q4,Li-Ning,129.03,121.76,125.7585
2023,October,Q4,Lululemon,152.9,144.29,149.02550000000002
2023,October,Q4,Macbeth Footwear,123.15,116.21,120.027
2023,October,Q4,Merrell,123.39,116.44,120.26250000000002
2023,October,Q4,Mizuno,149.03,140.64,145.2545
2023,October,Q4,New Balance,126.05,118.95,122.855
2023,October,Q4,Nike,147.1,138.81,143.36950000000002
2023,October,Q4,On,157.74,148.86,153.74400000000003
2023,October,Q4,Puma,130.16,122.83,126.8615
2023,October,Q4,Reebok,116.61,110.04,113.6535
2023,October,Q4,Salomon,131.61,124.2,128.27550000000002
2023,October,Q4,Saucony,142.74,134.7,139.122
2023,October,Q4,Skechers,112.02,105.71,109.1805
2023,October,Q4,Spira,131.61,124.2,128.27550000000002
2023,October,Q4,The North Face,149.76,141.32,145.962
2023,October,Q4,Timberland,150.97,142.46,147.1405
2023,October,Q4,Topo Athletic,147.1,138.81,143.36950000000002
2023,October,Q4,Under Armour,139.35,131.5,135.8175
2023,October,Q4,VEJA,154.11,145.43,150.204
2023,October,Q4,Vans,67.98,64.15,66.2565
2023,October,Q4,Wilson Sporting Goods,140.86,132.93,137.2915
2023,October,Q4,Xero Shoes,143.23,135.16,139.5985
2023,November,Q4,AND1,58.8,57.8,58.35
2023,November,Q4,Adidas,112.78,110.86,111.916
2023,November,Q4,Allbirds,77.1,75.78,76.506
2023,November,Q4,Altra Running,113.29,111.35,112.417
2023,November,Q4,Anta Sports,94.1,92.49,93.3755
2023,November,Q4,Arc'teryx,122.21,120.12,121.2695
2023,November,Q4,Asics,91.57,90.01,90.868
2023,November,Q4,Athletic Propulsion Labs,115.81,113.84,114.92350000000002
2023,November,Q4,Autry,80.8,79.42,80.179
2023,November,Q4,British Knights,64.3,63.21,63.8095
2023,November,Q4,Brooks Sports,95.84,94.2,95.102
2023,November,Q4,Cariuma,89.05,87.53,88.366
2023,November,Q4,Champion,65.31,64.2,64.8105
2023,November,Q4,Converse,52.07,51.18,51.6695
2023,November,Q4,Craft,92.58,91.0,91.869
2023,November,Q4,Diadora,88.88,87.36,88.196
2023,November,Q4,Fila,62.45,61.39,61.973000000000006
2023,November,Q4,Heelys,52.18,51.29,51.7795
2023,November,Q4,Hoka One One,113.12,111.19,112.2515
2023,November,Q4,Jordan Brand,122.13,120.04,121.1895
2023,November,Q4,K-Swiss,84.17,82.73,83.522
2023,November,Q4,KangaROOs,88.05,86.55,87.375
2023,November,Q4,Kappa,87.7,86.2,87.025
2023,November,Q4,Keds,45.45,44.67,45.099
2023,November,Q4,La Sportiva,122.88,120.78,121.935
2023,November,Q4,Lacoste,92.58,91.0,91.869
2023,November,Q4,Li-Ning,89.78,88.24,89.087
2023,November,Q4,Lululemon,106.39,104.57,105.571
2023,November,Q4,Macbeth Footwear,85.68,84.22,85.02300000000001
2023,November,Q4,Merrell,85.85,84.38,85.1885
2023,November,Q4,Mizuno,103.69,101.92,102.89350000000002
2023,November,Q4,New Balance,87.7,86.2,87.025
2023,November,Q4,Nike,102.35,100.6,101.5625
2023,November,Q4,On,109.75,107.88,108.9085
2023,November,Q4,Puma,90.56,89.02,89.867
2023,November,Q4,Reebok,81.14,79.75,80.5145
2023,November,Q4,Salomon,91.57,90.01,90.868
2023,November,Q4,Saucony,99.32,97.62,98.555
2023,November,Q4,Skechers,77.94,76.61,77.3415
2023,November,Q4,Spira,91.57,90.01,90.868
2023,November,Q4,The North Face,104.2,102.42,103.399
2023,November,Q4,Timberland,105.04,103.25,104.2345
2023,November,Q4,Topo Athletic,102.35,100.6,101.5625
2023,November,Q4,Under Armour,96.96,95.3,96.213
2023,November,Q4,VEJA,107.23,105.4,106.40650000000002
2023,November,Q4,Vans,47.3,46.49,46.935500000000005
2023,November,Q4,Wilson Sporting Goods,98.01,96.33,97.25400000000002
2023,November,Q4,Xero Shoes,99.65,97.95,98.885
2023,December,Q4,AND1,72.82,69.18,71.182
2023,December,Q4,Adidas,139.67,132.69,136.529
2023,December,Q4,Allbirds,95.48,90.7,93.329
2023,December,Q4,Altra Running,140.3,133.28,137.14100000000002
2023,December,Q4,Anta Sports,116.53,110.71,113.911
2023,December,Q4,Arc'teryx,151.35,143.78,147.94350000000003
2023,December,Q4,Asics,113.41,107.74,110.8585
2023,December,Q4,Athletic Propulsion Labs,143.43,136.25,140.199
2023,December,Q4,Autry,100.06,95.06,97.81
2023,December,Q4,British Knights,79.63,75.65,77.839
2023,December,Q4,Brooks Sports,118.69,112.75,116.017
2023,December,Q4,Cariuma,110.28,104.77,107.8005
2023,December,Q4,Champion,80.89,76.84,79.06750000000001
2023,December,Q4,Converse,64.49,61.26,63.0365
2023,December,Q4,Craft,114.66,108.92,112.077
2023,December,Q4,Diadora,110.07,104.57,107.595
2023,December,Q4,Fila,77.34,73.47,75.5985
2023,December,Q4,Heelys,64.62,61.39,63.166500000000006
2023,December,Q4,Hoka One One,140.09,133.09,136.94
2023,December,Q4,Jordan Brand,151.24,143.68,147.83800000000002
2023,December,Q4,K-Swiss,104.23,99.02,101.8855
2023,December,Q4,KangaROOs,109.04,103.59,106.5875
2023,December,Q4,Kappa,108.61,103.18,106.1665
2023,December,Q4,Keds,56.29,53.47,55.021
2023,December,Q4,La Sportiva,152.18,144.57,148.7555
2023,December,Q4,Lacoste,114.66,108.92,112.077
2023,December,Q4,Li-Ning,111.18,105.62,108.678
2023,December,Q4,Lululemon,131.75,125.16,128.7845
2023,December,Q4,Macbeth Footwear,106.11,100.8,103.7205
2023,December,Q4,Merrell,106.32,101.0,103.926
2023,December,Q4,Mizuno,128.42,122.0,125.531
2023,December,Q4,New Balance,108.61,103.18,106.1665
2023,December,Q4,Nike,126.75,120.41,123.897
2023,December,Q4,On,135.92,129.12,132.86
2023,December,Q4,Puma,112.16,106.55,109.6355
2023,December,Q4,Reebok,100.48,95.46,98.221
2023,December,Q4,Salomon,113.41,107.74,110.8585
2023,December,Q4,Saucony,123.0,116.85,120.2325
2023,December,Q4,Skechers,96.52,91.69,94.3465
2023,December,Q4,Spira,113.41,107.74,110.8585
2023,December,Q4,The North Face,129.04,122.59,126.13750000000002
2023,December,Q4,Timberland,130.08,123.58,127.155
2023,December,Q4,Topo Athletic,126.75,120.41,123.897
2023,December,Q4,Under Armour,120.08,114.07,117.37550000000002
2023,December,Q4,VEJA,132.79,126.15,129.80200000000002
2023,December,Q4,Vans,58.58,55.65,57.2615
2023,December,Q4,Wilson Sporting Goods,121.37,115.31,118.643
2023,December,Q4,Xero Shoes,123.41,117.24,120.6335
2024,January,Q1,AND1,85.08,79.22,82.44300000000001
2024,January,Q1,Adidas,163.18,151.94,158.122
2024,January,Q1,Allbirds,111.55,103.86,108.08950000000002
2024,January,Q1,Altra Running,163.91,152.62,158.8295
2024,January,Q1,Anta Sports,136.14,126.77,131.9235
2024,January,Q1,Arc'teryx,176.82,164.64,171.339
2024,January,Q1,Asics,132.49,123.37,128.38600000000002
2024,January,Q1,Athletic Propulsion Labs,167.56,156.02,162.36700000000002
2024,January,Q1,Autry,116.9,108.85,113.2775
2024,January,Q1,British Knights,93.04,86.63,90.1555
2024,January,Q1,Brooks Sports,138.66,129.11,134.3625
2024,January,Q1,Cariuma,128.84,119.96,124.844
2024,January,Q1,Champion,94.5,87.99,91.5705
2024,January,Q1,Converse,75.34,70.15,73.00450000000001
2024,January,Q1,Craft,133.95,124.73,129.801
2024,January,Q1,Diadora,128.59,119.74,124.6075
2024,January,Q1,Fila,90.36,84.13,87.5565
2024,January,Q1,Heelys,75.5,70.3,73.16
2024,January,Q1,Hoka One One,163.66,152.39,158.5885
2024,January,Q1,Jordan Brand,176.69,164.52,171.2135
2024,January,Q1,K-Swiss,121.77,113.39,117.999
2024,January,Q1,KangaROOs,127.39,118.62,123.4435
2024,January,Q1,Kappa,126.89,118.15,122.957
2024,January,Q1,Keds,65.76,61.23,63.721500000000006
2024,January,Q1,La Sportiva,177.79,165.55,172.282
2024,January,Q1,Lacoste,133.95,124.73,129.801
2024,January,Q1,Li-Ning,129.89,120.95,125.867
2024,January,Q1,Lululemon,153.92,143.32,149.15
2024,January,Q1,Macbeth Footwear,123.97,115.43,120.127
2024,January,Q1,Merrell,124.21,115.65,120.358
2024,January,Q1,Mizuno,150.03,139.69,145.377
2024,January,Q1,New Balance,126.89,118.15,122.957
2024,January,Q1,Nike,148.08,137.88,143.49
2024,January,Q1,On,158.79,147.86,153.87150000000003
2024,January,Q1,Puma,131.03,122.0,126.9665
2024,January,Q1,Reebok,117.39,109.31,113.75400000000002
2024,January,Q1,Salomon,132.49,123.37,128.38600000000002
2024,January,Q1,Saucony,143.69,133.8,139.23950000000002
2024,January,Q1,Skechers,112.76,105.0,109.268
2024,January,Q1,Spira,132.49,123.37,128.38600000000002
2024,January,Q1,The North Face,150.76,140.37,146.08450000000002
2024,January,Q1,Timberland,151.97,141.51,147.263
2024,January,Q1,Topo Athletic,148.08,137.88,143.49
2024,January,Q1,Under Armour,140.28,130.62,135.93300000000002
2024,January,Q1,VEJA,155.14,144.46,150.334
2024,January,Q1,Vans,68.44,63.72,66.316
2024,January,Q1,Wilson Sporting Goods,141.8,132.03,137.4035
2024,January,Q1,Xero Shoes,144.18,134.25,139.7115
2024,February,Q1,AND1,75.74,72.95,74.4845
2024,February,Q1,Adidas,145.26,139.92,142.857
2024,February,Q1,Allbirds,99.3,95.65,97.6575
2024,February,Q1,Altra Running,145.91,140.55,143.49800000000002
2024,February,Q1,Anta Sports,121.2,116.74,119.193
2024,February,Q1,Arc'teryx,157.4,151.62,154.799
2024,February,Q1,Asics,117.94,113.61,115.9915
2024,February,Q1,Athletic Propulsion Labs,149.17,143.68,146.6995
2024,February,Q1,Autry,104.07,100.24,102.3465
2024,February,Q1,British Knights,82.82,79.78,81.452
2024,February,Q1,Brooks Sports,123.44,118.9,121.39700000000002
2024,February,Q1,Cariuma,114.69,110.47,112.791
2024,February,Q1,Champion,84.12,81.03,82.7295
2024,February,Q1,Converse,67.07,64.6,65.9585
2024,February,Q1,Craft,119.25,114.86,117.2745
2024,February,Q1,Diadora,114.48,110.27,112.5855
2024,February,Q1,Fila,80.44,77.48,79.108
2024,February,Q1,Heelys,67.21,64.74,66.0985
2024,February,Q1,Hoka One One,145.7,140.34,143.288
2024,February,Q1,Jordan Brand,157.3,151.51,154.6945
2024,February,Q1,K-Swiss,108.41,104.42,106.6145
2024,February,Q1,KangaROOs,113.41,109.24,111.5335
2024,February,Q1,Kappa,112.96,108.8,111.088
2024,February,Q1,Keds,58.54,56.39,57.572500000000005
2024,February,Q1,La Sportiva,158.27,152.45,155.651
2024,February,Q1,Lacoste,119.25,114.86,117.2745
2024,February,Q1,Li-Ning,115.63,111.38,113.7175
2024,February,Q1,Lululemon,137.02,131.98,134.752
2024,February,Q1,Macbeth Footwear,110.36,106.3,108.53300000000002
2024,February,Q1,Merrell,110.57,106.51,108.743
2024,February,Q1,Mizuno,133.56,128.64,131.346
2024,February,Q1,New Balance,112.96,108.8,111.088
2024,February,Q1,Nike,131.82,126.97,129.6375
2024,February,Q1,On,141.36,136.16,139.02
2024,February,Q1,Puma,116.64,112.35,114.7095
2024,February,Q1,Reebok,104.5,100.66,102.772
2024,February,Q1,Salomon,117.94,113.61,115.9915
2024,February,Q1,Saucony,127.92,123.21,125.8005
2024,February,Q1,Skechers,100.38,96.69,98.7195
2024,February,Q1,Spira,117.94,113.61,115.9915
2024,February,Q1,The North Face,134.21,129.27,131.98700000000002
2024,February,Q1,Timberland,135.29,130.31,133.049
2024,February,Q1,Topo Athletic,131.82,126.97,129.6375
2024,February,Q1,Under Armour,124.88,120.29,122.8145
2024,February,Q1,VEJA,138.11,133.03,135.824
2024,February,Q1,Vans,60.92,58.68,59.912
2024,February,Q1,Wilson Sporting Goods,126.23,121.59,124.142
2024,February,Q1,Xero Shoes,128.35,123.63,126.226
2024,March,Q1,AND1,78.6,74.67,76.8315
2024,March,Q1,Adidas,150.75,143.21,147.35700000000003
2024,March,Q1,Allbirds,103.05,97.9,100.73250000000002
2024,March,Q1,Altra Running,151.43,143.85,148.019
2024,March,Q1,Anta Sports,125.78,119.49,122.9495
2024,March,Q1,Arc'teryx,163.35,155.18,159.6735
2024,March,Q1,Asics,122.4,116.28,119.64600000000002
2024,March,Q1,Athletic Propulsion Labs,154.8,147.06,151.317
2024,March,Q1,Autry,108.0,102.6,105.57
2024,March,Q1,British Knights,85.95,81.65,84.01500000000001
2024,March,Q1,Brooks Sports,128.1,121.7,125.22
2024,March,Q1,Cariuma,119.02,113.07,116.3425
2024,March,Q1,Champion,87.3,82.93,85.33350000000002
2024,March,Q1,Converse,69.6,66.12,68.034
2024,March,Q1,Craft,123.75,117.56,120.9645
2024,March,Q1,Diadora,118.8,112.86,116.127
2024,March,Q1,Fila,83.48,79.3,81.59900000000002
2024,March,Q1,Heelys,69.75,66.26,68.1795
2024,March,Q1,Hoka One One,151.2,143.64,147.798
2024,March,Q1,Jordan Brand,163.24,155.08,159.568
2024,March,Q1,K-Swiss,112.5,106.88,109.971
2024,March,Q1,KangaROOs,117.69,111.81,115.044
2024,March,Q1,Kappa,117.22,111.36,114.583
2024,March,Q1,Keds,60.75,57.71,59.382000000000005
2024,March,Q1,La Sportiva,164.25,156.04,160.5555
2024,March,Q1,Lacoste,123.75,117.56,120.9645
2024,March,Q1,Li-Ning,120.0,114.0,117.3
2024,March,Q1,Lululemon,142.2,135.09,139.0005
2024,March,Q1,Macbeth Footwear,114.52,108.8,111.946
2024,March,Q1,Merrell,114.75,109.01,112.167
2024,March,Q1,Mizuno,138.6,131.67,135.48149999999998
2024,March,Q1,New Balance,117.22,111.36,114.583
2024,March,Q1,Nike,136.8,129.96,133.722
2024,March,Q1,On,146.7,139.36,143.39700000000002
2024,March,Q1,Puma,121.05,115.0,118.3275
2024,March,Q1,Reebok,108.45,103.03,106.011
2024,March,Q1,Salomon,122.4,116.28,119.64600000000002
2024,March,Q1,Saucony,132.75,126.11,129.762
2024,March,Q1,Skechers,104.18,98.97,101.8355
2024,March,Q1,Spira,122.4,116.28,119.64600000000002
2024,March,Q1,The North Face,139.27,132.31,136.13800000000003
2024,March,Q1,Timberland,140.4,133.38,137.241
2024,March,Q1,Topo Athletic,136.8,129.96,133.722
2024,March,Q1,Under Armour,129.6,123.12,126.684
2024,March,Q1,VEJA,143.32,136.16,140.098
2024,March,Q1,Vans,63.22,60.06,61.798
2024,March,Q1,Wilson Sporting Goods,131.0,124.45,128.0525
2024,March,Q1,Xero Shoes,133.2,126.54,130.203
2024,April,Q2,AND1,87.33,82.97,85.368
2024,April,Q2,Adidas,167.5,159.12,163.729
2024,April,Q2,Allbirds,114.5,108.78,111.92600000000002
2024,April,Q2,Altra Running,168.25,159.84,164.46550000000002
2024,April,Q2,Anta Sports,139.75,132.76,136.6045
2024,April,Q2,Arc'teryx,181.5,172.42,177.414
2024,April,Q2,Asics,136.0,129.2,132.94
2024,April,Q2,Athletic Propulsion Labs,172.0,163.4,168.13
2024,April,Q2,Autry,120.0,114.0,117.3
2024,April,Q2,British Knights,95.5,90.72,93.349
2024,April,Q2,Brooks Sports,142.33,135.22,139.1305
2024,April,Q2,Cariuma,132.25,125.64,129.27550000000002
2024,April,Q2,Champion,97.0,92.15,94.8175
2024,April,Q2,Converse,77.33,73.47,75.593
2024,April,Q2,Craft,137.5,130.62,134.404
2024,April,Q2,Diadora,132.0,125.4,129.03000000000003
2024,April,Q2,Fila,92.75,88.11,90.662
2024,April,Q2,Heelys,77.5,73.62,75.754
2024,April,Q2,Hoka One One,168.0,159.6,164.22
2024,April,Q2,Jordan Brand,181.38,172.31,177.2985
2024,April,Q2,K-Swiss,125.0,118.75,122.1875
2024,April,Q2,KangaROOs,130.77,124.23,127.82700000000004
2024,April,Q2,Kappa,130.25,123.74,127.3205
2024,April,Q2,Keds,67.5,64.12,65.979
2024,April,Q2,La Sportiva,182.5,173.38,178.39600000000002
2024,April,Q2,Lacoste,137.5,130.62,134.404
2024,April,Q2,Li-Ning,133.33,126.67,130.33300000000003
2024,April,Q2,Lululemon,158.0,150.1,154.445
2024,April,Q2,Macbeth Footwear,127.25,120.89,124.388
2024,April,Q2,Merrell,127.5,121.12,124.629
2024,April,Q2,Mizuno,154.0,146.3,150.53500000000005
2024,April,Q2,New Balance,130.25,123.74,127.3205
2024,April,Q2,Nike,152.0,144.4,148.58
2024,April,Q2,On,163.0,154.85,159.3325
2024,April,Q2,Puma,134.5,127.78,131.476
2024,April,Q2,Reebok,120.5,114.48,117.791
2024,April,Q2,Salomon,136.0,129.2,132.94
2024,April,Q2,Saucony,147.5,140.12,144.179
2024,April,Q2,Skechers,115.75,109.96,113.1445
2024,April,Q2,Spira,136.0,129.2,132.94
2024,April,Q2,The North Face,154.75,147.01,151.267
2024,April,Q2,Timberland,156.0,148.2,152.49
2024,April,Q2,Topo Athletic,152.0,144.4,148.58
2024,April,Q2,Under Armour,144.0,136.8,140.76000000000002
2024,April,Q2,VEJA,159.25,151.29,155.668
2024,April,Q2,Vans,70.25,66.74,68.6705
2024,April,Q2,Wilson Sporting Goods,145.56,138.28,142.284
2024,April,Q2,Xero Shoes,148.0,140.6,144.67000000000002
2024,May,Q2,AND1,83.39,79.22,81.51350000000001
2024,May,Q2,Adidas,159.94,151.94,156.34
2024,May,Q2,Allbirds,109.33,103.86,106.8685
2024,May,Q2,Altra Running,160.65,152.62,157.03650000000002
2024,May,Q2,Anta Sports,133.44,126.77,130.4385
2024,May,Q2,Arc'teryx,173.3,164.64,169.40300000000002
2024,May,Q2,Asics,129.86,123.37,126.9395
2024,May,Q2,Athletic Propulsion Labs,164.23,156.02,160.5355
2024,May,Q2,Autry,114.58,108.85,112.0015
2024,May,Q2,British Knights,91.19,86.63,89.138
2024,May,Q2,Brooks Sports,135.91,129.11,132.85000000000002
2024,May,Q2,Cariuma,126.28,119.96,123.436
2024,May,Q2,Champion,92.62,87.99,90.53650000000002
2024,May,Q2,Converse,73.84,70.15,72.1795
2024,May,Q2,Craft,131.29,124.73,128.33800000000002
2024,May,Q2,Diadora,126.04,119.74,123.205
2024,May,Q2,Fila,88.56,84.13,86.5665
2024,May,Q2,Heelys,74.0,70.3,72.33500000000001
2024,May,Q2,Hoka One One,160.41,152.39,156.801
2024,May,Q2,Jordan Brand,173.18,164.52,169.28300000000002
2024,May,Q2,K-Swiss,119.35,113.39,116.668
2024,May,Q2,KangaROOs,124.86,118.62,122.052
2024,May,Q2,Kappa,124.37,118.15,121.571
2024,May,Q2,Keds,64.45,61.23,63.001000000000005
2024,May,Q2,La Sportiva,174.26,165.55,170.34050000000002
2024,May,Q2,Lacoste,131.29,124.73,128.33800000000002
2024,May,Q2,Li-Ning,127.31,120.95,124.448
2024,May,Q2,Lululemon,150.86,143.32,147.467
2024,May,Q2,Macbeth Footwear,121.5,115.43,118.76850000000002
2024,May,Q2,Merrell,121.74,115.65,118.9995
2024,May,Q2,Mizuno,147.05,139.69,143.738
2024,May,Q2,New Balance,124.37,118.15,121.571
2024,May,Q2,Nike,145.14,137.88,141.873
2024,May,Q2,On,155.64,147.86,152.139
2024,May,Q2,Puma,128.43,122.0,125.53650000000002
2024,May,Q2,Reebok,115.06,109.31,112.4725
2024,May,Q2,Salomon,129.86,123.37,126.9395
2024,May,Q2,Saucony,140.84,133.8,137.67200000000005
2024,May,Q2,Skechers,110.52,105.0,108.036
2024,May,Q2,Spira,129.86,123.37,126.9395
2024,May,Q2,The North Face,147.76,140.37,144.4345
2024,May,Q2,Timberland,148.95,141.51,145.602
2024,May,Q2,Topo Athletic,145.14,137.88,141.873
2024,May,Q2,Under Armour,137.5,130.62,134.404
2024,May,Q2,VEJA,152.06,144.46,148.64
2024,May,Q2,Vans,67.08,63.72,65.56800000000001
2024,May,Q2,Wilson Sporting Goods,138.98,132.03,135.85250000000002
2024,May,Q2,Xero Shoes,141.32,134.25,138.1385
2024,June,Q2,AND1,84.28,80.06,82.381
2024,June,Q2,Adidas,161.64,153.56,158.00400000000002
2024,June,Q2,Allbirds,110.49,104.97,108.006
2024,June,Q2,Altra Running,162.36,154.24,158.70600000000002
2024,June,Q2,Anta Sports,134.86,128.12,131.82700000000003
2024,June,Q2,Arc'teryx,175.15,166.39,171.20800000000003
2024,June,Q2,Asics,131.24,124.68,128.288
2024,June,Q2,Athletic Propulsion Labs,165.98,157.68,162.245
2024,June,Q2,Autry,115.8,110.01,113.1945
2024,June,Q2,British Knights,92.16,87.55,90.0855
2024,June,Q2,Brooks Sports,137.35,130.48,134.2585
2024,June,Q2,Cariuma,127.62,121.24,124.749
2024,June,Q2,Champion,93.6,88.92,91.494
2024,June,Q2,Converse,74.63,70.9,72.95150000000001
2024,June,Q2,Craft,132.69,126.05,129.702
2024,June,Q2,Diadora,127.38,121.01,124.5135
2024,June,Q2,Fila,89.5,85.03,87.4885
2024,June,Q2,Heelys,74.79,71.05,73.10700000000001
2024,June,Q2,Hoka One One,162.12,154.01,158.47050000000002
2024,June,Q2,Jordan Brand,175.03,166.28,171.09250000000003
2024,June,Q2,K-Swiss,120.62,114.59,117.9065
2024,June,Q2,KangaROOs,126.19,119.88,123.3505
2024,June,Q2,Kappa,125.69,119.41,122.864
2024,June,Q2,Keds,65.14,61.88,63.673
2024,June,Q2,La Sportiva,176.11,167.31,172.15000000000003
2024,June,Q2,Lacoste,132.69,126.05,129.702
2024,June,Q2,Li-Ning,128.67,122.23,125.772
2024,June,Q2,Lululemon,152.47,144.85,149.041
2024,June,Q2,Macbeth Footwear,122.8,116.66,120.037
2024,June,Q2,Merrell,123.04,116.89,120.2725
2024,June,Q2,Mizuno,148.61,141.18,145.2665
2024,June,Q2,New Balance,125.69,119.41,122.864
2024,June,Q2,Nike,146.68,139.35,143.38150000000002
2024,June,Q2,On,157.3,149.43,153.75850000000003
2024,June,Q2,Puma,129.79,123.3,126.8695
2024,June,Q2,Reebok,116.28,110.47,113.6655
2024,June,Q2,Salomon,131.24,124.68,128.288
2024,June,Q2,Saucony,142.34,135.22,139.13600000000002
2024,June,Q2,Skechers,111.7,106.11,109.1845
2024,June,Q2,Spira,131.24,124.68,128.288
2024,June,Q2,The North Face,149.33,141.87,145.973
2024,June,Q2,Timberland,150.54,143.01,147.1515
2024,June,Q2,Topo Athletic,146.68,139.35,143.38150000000002
2024,June,Q2,Under Armour,138.96,132.01,135.8325
2024,June,Q2,VEJA,153.68,145.99,150.21950000000004
2024,June,Q2,Vans,67.79,64.4,66.26450000000001
2024,June,Q2,Wilson Sporting Goods,140.46,133.44,137.30100000000002
2024,June,Q2,Xero Shoes,142.82,135.68,139.607
2024,July,Q3,AND1,84.38,80.16,82.481
2024,July,Q3,Adidas,161.83,153.74,158.1895
2024,July,Q3,Allbirds,110.62,105.09,108.13150000000002
2024,July,Q3,Altra Running,162.55,154.42,158.8915
2024,July,Q3,Anta Sports,135.02,128.27,131.98250000000002
2024,July,Q3,Arc'teryx,175.35,166.58,171.4035
2024,July,Q3,Asics,131.39,124.82,128.43349999999998
2024,July,Q3,Athletic Propulsion Labs,166.17,157.87,162.435
2024,July,Q3,Autry,115.94,110.14,113.33
2024,July,Q3,British Knights,92.27,87.65,90.191
2024,July,Q3,Brooks Sports,137.51,130.64,134.4185
2024,July,Q3,Cariuma,127.77,121.38,124.8945
2024,July,Q3,Champion,93.71,89.03,91.604
2024,July,Q3,Converse,74.71,70.98,73.0315
2024,July,Q3,Craft,132.84,126.2,129.852
2024,July,Q3,Diadora,127.53,121.15,124.65900000000002
2024,July,Q3,Fila,89.61,85.13,87.59400000000001
2024,July,Q3,Heelys,74.88,71.13,73.1925
2024,July,Q3,Hoka One One,162.31,154.19,158.656
2024,July,Q3,Jordan Brand,175.23,166.47,171.288
2024,July,Q3,K-Swiss,120.77,114.73,118.052
2024,July,Q3,KangaROOs,126.34,120.02,123.496
2024,July,Q3,Kappa,125.84,119.55,123.0095
2024,July,Q3,Keds,65.21,61.95,63.743
2024,July,Q3,La Sportiva,176.32,167.5,172.351
2024,July,Q3,Lacoste,132.84,126.2,129.852
2024,July,Q3,Li-Ning,128.82,122.38,125.922
2024,July,Q3,Lululemon,152.65,145.02,149.2165
2024,July,Q3,Macbeth Footwear,122.94,116.79,120.1725
2024,July,Q3,Merrell,123.18,117.02,120.40800000000002
2024,July,Q3,Mizuno,148.78,141.34,145.43200000000002
2024,July,Q3,New Balance,125.84,119.55,123.0095
2024,July,Q3,Nike,146.85,139.51,143.547
2024,July,Q3,On,157.48,149.61,153.93850000000003
2024,July,Q3,Puma,129.94,123.45,127.0195
2024,July,Q3,Reebok,116.42,110.6,113.801
2024,July,Q3,Salomon,131.39,124.82,128.43349999999998
2024,July,Q3,Saucony,142.5,135.38,139.296
2024,July,Q3,Skechers,111.83,106.24,109.3145
2024,July,Q3,Spira,131.39,124.82,128.43349999999998
2024,July,Q3,The North Face,149.51,142.03,146.144
2024,July,Q3,Timberland,150.72,143.18,147.327
2024,July,Q3,Topo Athletic,146.85,139.51,143.547
2024,July,Q3,Under Armour,139.12,132.17,135.9925
2024,July,Q3,VEJA,153.86,146.16,150.39500000000004
2024,July,Q3,Vans,67.87,64.48,66.34450000000001
2024,July,Q3,Wilson Sporting Goods,140.63,133.59,137.46200000000002
2024,July,Q3,Xero Shoes,142.99,135.84,139.7725
2024,August,Q3,AND1,87.33,82.97,85.368
2024,August,Q3,Adidas,167.5,159.12,163.729
2024,August,Q3,Allbirds,114.5,108.78,111.92600000000002
2024,August,Q3,Altra Running,168.25,159.84,164.46550000000002
2024,August,Q3,Anta Sports,139.75,132.76,136.6045
2024,August,Q3,Arc'teryx,181.5,172.42,177.414
2024,August,Q3,Asics,136.0,129.2,132.94
2024,August,Q3,Athletic Propulsion Labs,172.0,163.4,168.13
2024,August,Q3,Autry,120.0,114.0,117.3
2024,August,Q3,British Knights,95.5,90.72,93.349
2024,August,Q3,Brooks Sports,142.33,135.22,139.1305
2024,August,Q3,Cariuma,132.25,125.64,129.27550000000002
2024,August,Q3,Champion,97.0,92.15,94.8175
2024,August,Q3,Converse,77.33,73.47,75.593
2024,August,Q3,Craft,137.5,130.62,134.404
2024,August,Q3,Diadora,132.0,125.4,129.03000000000003
2024,August,Q3,Fila,92.75,88.11,90.662
2024,August,Q3,Heelys,77.5,73.62,75.754
2024,August,Q3,Hoka One One,168.0,159.6,164.22
2024,August,Q3,Jordan Brand,181.38,172.31,177.2985
2024,August,Q3,K-Swiss,125.0,118.75,122.1875
2024,August,Q3,KangaROOs,130.77,124.23,127.82700000000004
2024,August,Q3,Kappa,130.25,123.74,127.3205
2024,August,Q3,Keds,67.5,64.12,65.979
2024,August,Q3,La Sportiva,182.5,173.38,178.39600000000002
2024,August,Q3,Lacoste,137.5,130.62,134.404
2024,August,Q3,Li-Ning,133.33,126.67,130.33300000000003
2024,August,Q3,Lululemon,158.0,150.1,154.445
2024,August,Q3,Macbeth Footwear,127.25,120.89,124.388
2024,August,Q3,Merrell,127.5,121.12,124.629
2024,August,Q3,Mizuno,154.0,146.3,150.53500000000005
2024,August,Q3,New Balance,130.25,123.74,127.3205
2024,August,Q3,Nike,152.0,144.4,148.58
2024,August,Q3,On,163.0,154.85,159.3325
2024,August,Q3,Puma,134.5,127.78,131.476
2024,August,Q3,Reebok,120.5,114.48,117.791
2024,August,Q3,Salomon,136.0,129.2,132.94
2024,August,Q3,Saucony,147.5,140.12,144.179
2024,August,Q3,Skechers,115.75,109.96,113.1445
2024,August,Q3,Spira,136.0,129.2,132.94
2024,August,Q3,The North Face,154.75,147.01,151.267
2024,August,Q3,Timberland,156.0,148.2,152.49
2024,August,Q3,Topo Athletic,152.0,144.4,148.58
2024,August,Q3,Under Armour,144.0,136.8,140.76000000000002
2024,August,Q3,VEJA,159.25,151.29,155.668
2024,August,Q3,Vans,70.25,66.74,68.6705
2024,August,Q3,Wilson Sporting Goods,145.56,138.28,142.284
2024,August,Q3,Xero Shoes,148.0,140.6,144.67000000000002
2024,September,Q3,AND1,84.42,80.2,82.52100000000002
2024,September,Q3,Adidas,161.92,153.82,158.27499999999998
2024,September,Q3,Allbirds,110.68,105.15,108.19150000000002
2024,September,Q3,Altra Running,162.64,154.51,158.98149999999998
2024,September,Q3,Anta Sports,135.09,128.34,132.0525
2024,September,Q3,Arc'teryx,175.45,166.68,171.5035
2024,September,Q3,Asics,131.47,124.89,128.509
2024,September,Q3,Athletic Propulsion Labs,166.27,157.95,162.526
2024,September,Q3,Autry,116.0,110.2,113.39
2024,September,Q3,British Knights,92.32,87.7,90.241
2024,September,Q3,Brooks Sports,137.59,130.71,134.49400000000003
2024,September,Q3,Cariuma,127.84,121.45,124.96450000000002
2024,September,Q3,Champion,93.77,89.08,91.6595
2024,September,Q3,Converse,74.76,71.02,73.07700000000001
2024,September,Q3,Craft,132.92,126.27,129.9275
2024,September,Q3,Diadora,127.6,121.22,124.729
2024,September,Q3,Fila,89.66,85.18,87.644
2024,September,Q3,Heelys,74.92,71.17,73.2325
2024,September,Q3,Hoka One One,162.4,154.28,158.746
2024,September,Q3,Jordan Brand,175.33,166.56,171.38350000000003
2024,September,Q3,K-Swiss,120.83,114.79,118.112
2024,September,Q3,KangaROOs,126.41,120.09,123.566
2024,September,Q3,Kappa,125.91,119.61,123.075
2024,September,Q3,Keds,65.25,61.99,63.783
2024,September,Q3,La Sportiva,176.42,167.6,172.45100000000002
2024,September,Q3,Lacoste,132.92,126.27,129.9275
2024,September,Q3,Li-Ning,128.89,122.44,125.9875
2024,September,Q3,Lululemon,152.73,145.1,149.2965
2024,September,Q3,Macbeth Footwear,123.01,116.86,120.2425
2024,September,Q3,Merrell,123.25,117.09,120.478
2024,September,Q3,Mizuno,148.87,141.42,145.51749999999998
2024,September,Q3,New Balance,125.91,119.61,123.075
2024,September,Q3,Nike,146.93,139.59,143.627
2024,September,Q3,On,157.57,149.69,154.024
2024,September,Q3,Puma,130.02,123.52,127.095
2024,September,Q3,Reebok,116.48,110.66,113.861
2024,September,Q3,Salomon,131.47,124.89,128.509
2024,September,Q3,Saucony,142.58,135.45,139.3715
2024,September,Q3,Skechers,111.89,106.3,109.3745
2024,September,Q3,Spira,131.47,124.89,128.509
2024,September,Q3,The North Face,149.59,142.11,146.22400000000002
2024,September,Q3,Timberland,150.8,143.26,147.407
2024,September,Q3,Topo Athletic,146.93,139.59,143.627
2024,September,Q3,Under Armour,139.2,132.24,136.068
2024,September,Q3,VEJA,153.94,146.24,150.47500000000002
2024,September,Q3,Vans,67.91,64.51,66.38000000000001
2024,September,Q3,Wilson Sporting Goods,140.7,133.67,137.5365
2024,September,Q3,Xero Shoes,143.07,135.91,139.848
2024,October,Q4,AND1,84.52,80.29,82.6165
2024,October,Q4,Adidas,162.1,153.99,158.4505
2024,October,Q4,Allbirds,110.81,105.27,108.317
2024,October,Q4,Altra Running,162.82,154.68,159.157
2024,October,Q4,Anta Sports,135.24,128.48,132.198
2024,October,Q4,Arc'teryx,175.65,166.86,171.6945
2024,October,Q4,Asics,131.61,125.03,128.649
2024,October,Q4,Athletic Propulsion Labs,166.45,158.13,162.70600000000002
2024,October,Q4,Autry,116.13,110.32,113.5155
2024,October,Q4,British Knights,92.42,87.8,90.341
2024,October,Q4,Brooks Sports,137.74,130.85,134.6395
2024,October,Q4,Cariuma,127.98,121.58,125.1
2024,October,Q4,Champion,93.87,89.18,91.75950000000002
2024,October,Q4,Converse,74.84,71.1,73.15700000000001
2024,October,Q4,Craft,133.06,126.41,130.0675
2024,October,Q4,Diadora,127.74,121.35,124.8645
2024,October,Q4,Fila,89.76,85.27,87.7395
2024,October,Q4,Heelys,75.0,71.25,73.3125
2024,October,Q4,Hoka One One,162.58,154.45,158.9215
2024,October,Q4,Jordan Brand,175.52,166.75,171.57350000000002
2024,October,Q4,K-Swiss,120.97,114.92,118.2475
2024,October,Q4,KangaROOs,126.55,120.22,123.7015
2024,October,Q4,Kappa,126.05,119.75,123.215
2024,October,Q4,Keds,65.32,62.06,63.85300000000001
2024,October,Q4,La Sportiva,176.61,167.78,172.6365
2024,October,Q4,Lacoste,133.06,126.41,130.0675
2024,October,Q4,Li-Ning,129.03,122.58,126.1275
2024,October,Q4,Lululemon,152.9,145.26,149.46200000000002
2024,October,Q4,Macbeth Footwear,123.15,116.99,120.378
2024,October,Q4,Merrell,123.39,117.22,120.61350000000002
2024,October,Q4,Mizuno,149.03,141.58,145.6775
2024,October,Q4,New Balance,126.05,119.75,123.215
2024,October,Q4,Nike,147.1,139.74,143.788
2024,October,Q4,On,157.74,149.85,154.1895
2024,October,Q4,Puma,130.16,123.65,127.2305
2024,October,Q4,Reebok,116.61,110.78,113.9865
2024,October,Q4,Salomon,131.61,125.03,128.649
2024,October,Q4,Saucony,142.74,135.6,139.527
2024,October,Q4,Skechers,112.02,106.42,109.5
2024,October,Q4,Spira,131.61,125.03,128.649
2024,October,Q4,The North Face,149.76,142.27,146.3895
2024,October,Q4,Timberland,150.97,143.42,147.5725
2024,October,Q4,Topo Athletic,147.1,139.74,143.788
2024,October,Q4,Under Armour,139.35,132.39,136.218
2024,October,Q4,VEJA,154.11,146.41,150.645
2024,October,Q4,Vans,67.98,64.58,66.45
2024,October,Q4,Wilson Sporting Goods,140.86,133.82,137.692
2024,October,Q4,Xero Shoes,143.23,136.06,140.0035
2024,November,Q4,AND1,70.59,67.06,69.00150000000001
2024,November,Q4,Adidas,135.4,128.63,132.3535
2024,November,Q4,Allbirds,92.55,87.93,90.471
2024,November,Q4,Altra Running,136.0,129.2,132.94
2024,November,Q4,Anta Sports,112.96,107.32,110.422
2024,November,Q4,Arc'teryx,146.71,139.38,143.41150000000002
2024,November,Q4,Asics,109.93,104.44,107.4595
2024,November,Q4,Athletic Propulsion Labs,139.03,132.08,135.90250000000003
2024,November,Q4,Autry,97.0,92.15,94.8175
2024,November,Q4,British Knights,77.2,73.34,75.46300000000001
2024,November,Q4,Brooks Sports,115.05,109.3,112.4625
2024,November,Q4,Cariuma,106.9,101.56,104.497
2024,November,Q4,Champion,78.41,74.49,76.646
2024,November,Q4,Converse,62.51,59.39,61.10600000000001
2024,November,Q4,Craft,111.15,105.59,108.648
2024,November,Q4,Diadora,106.7,101.36,104.297
2024,November,Q4,Fila,74.97,71.22,73.2825
2024,November,Q4,Heelys,62.65,59.51,61.237
2024,November,Q4,Hoka One One,135.8,129.01,132.74450000000002
2024,November,Q4,Jordan Brand,146.61,139.28,143.31150000000002
2024,November,Q4,K-Swiss,101.04,95.99,98.7675
2024,November,Q4,KangaROOs,105.71,100.42,103.3295
2024,November,Q4,Kappa,105.29,100.02,102.9185
2024,November,Q4,Keds,54.56,51.83,53.331500000000005
2024,November,Q4,La Sportiva,147.52,140.14,144.199
2024,November,Q4,Lacoste,111.15,105.59,108.648
2024,November,Q4,Li-Ning,107.78,102.39,105.3545
2024,November,Q4,Lululemon,127.72,121.33,124.8445
2024,November,Q4,Macbeth Footwear,102.86,97.72,100.547
2024,November,Q4,Merrell,103.06,97.91,100.7425
2024,November,Q4,Mizuno,124.48,118.26,121.681
2024,November,Q4,New Balance,105.29,100.02,102.9185
2024,November,Q4,Nike,122.87,116.72,120.1025
2024,November,Q4,On,131.76,125.17,128.7945
2024,November,Q4,Puma,108.72,103.28,106.272
2024,November,Q4,Reebok,97.4,92.53,95.20850000000002
2024,November,Q4,Salomon,109.93,104.44,107.4595
2024,November,Q4,Saucony,119.23,113.27,116.548
2024,November,Q4,Skechers,93.56,88.89,91.45850000000002
2024,November,Q4,Spira,109.93,104.44,107.4595
2024,November,Q4,The North Face,125.09,118.84,122.2775
2024,November,Q4,Timberland,126.1,119.8,123.265
2024,November,Q4,Topo Athletic,122.87,116.72,120.1025
2024,November,Q4,Under Armour,116.4,110.58,113.781
2024,November,Q4,VEJA,128.73,122.29,125.832
2024,November,Q4,Vans,56.79,53.95,55.512
2024,November,Q4,Wilson Sporting Goods,117.66,111.77,115.0095
2024,November,Q4,Xero Shoes,119.63,113.65,116.93900000000002
2024,December,Q4,AND1,64.94,60.62,62.996
2024,December,Q4,Adidas,124.54,116.26,120.81400000000002
2024,December,Q4,Allbirds,85.14,79.48,82.59300000000002
2024,December,Q4,Altra Running,125.1,116.78,121.356
2024,December,Q4,Anta Sports,103.91,97.0,100.8005
2024,December,Q4,Arc'teryx,134.95,125.98,130.9135
2024,December,Q4,Asics,101.12,94.4,98.096
2024,December,Q4,Athletic Propulsion Labs,127.89,119.39,124.065
2024,December,Q4,Autry,89.23,83.29,86.55700000000002
2024,December,Q4,British Knights,71.01,66.29,68.88600000000001
2024,December,Q4,Brooks Sports,105.83,98.8,102.6665
2024,December,Q4,Cariuma,98.33,91.8,95.3915
2024,December,Q4,Champion,72.12,67.33,69.9645
2024,December,Q4,Converse,57.5,53.68,55.781000000000006
2024,December,Q4,Craft,102.24,95.44,99.18
2024,December,Q4,Diadora,98.15,91.62,95.21150000000002
2024,December,Q4,Fila,68.96,64.38,66.899
2024,December,Q4,Heelys,57.62,53.79,55.8965
2024,December,Q4,Hoka One One,124.92,116.61,121.1805
2024,December,Q4,Jordan Brand,134.86,125.89,130.82350000000002
2024,December,Q4,K-Swiss,92.94,86.76,90.159
2024,December,Q4,KangaROOs,97.23,90.77,94.323
2024,December,Q4,Kappa,96.85,90.41,93.952
2024,December,Q4,Keds,50.19,46.85,48.687
2024,December,Q4,La Sportiva,135.7,126.68,131.64100000000002
2024,December,Q4,Lacoste,102.24,95.44,99.18
2024,December,Q4,Li-Ning,99.14,92.55,96.1745
2024,December,Q4,Lululemon,117.48,109.67,113.9655
2024,December,Q4,Macbeth Footwear,94.62,88.33,91.7895
2024,December,Q4,Merrell,94.8,88.5,91.965
2024,December,Q4,Mizuno,114.51,106.89,111.08100000000002
2024,December,Q4,New Balance,96.85,90.41,93.952
2024,December,Q4,Nike,113.02,105.51,109.6405
2024,December,Q4,On,121.2,113.14,117.573
2024,December,Q4,Puma,100.01,93.36,97.0175
2024,December,Q4,Reebok,89.6,83.64,86.918
2024,December,Q4,Salomon,101.12,94.4,98.096
2024,December,Q4,Saucony,109.67,102.38,106.3895
2024,December,Q4,Skechers,86.07,80.34,83.4915
2024,December,Q4,Spira,101.12,94.4,98.096
2024,December,Q4,The North Face,115.06,107.41,111.6175
2024,December,Q4,Timberland,115.99,108.28,112.5205
2024,December,Q4,Topo Athletic,113.02,105.51,109.6405
2024,December,Q4,Under Armour,107.07,99.95,103.866
2024,December,Q4,VEJA,118.41,110.54,114.8685
2024,December,Q4,Vans,52.23,48.76,50.6685
2024,December,Q4,Wilson Sporting Goods,108.23,101.03,104.99
2024,December,Q4,Xero Shoes,110.05,102.73,106.756
